,poisonous
0,p
1,e
2,e
3,p
4,e
5,e
6,e
7,e
8,p
9,e
10,e
11,e
12,e
13,p
14,e
15,e
16,e
17,p
18,p
19,p
20,e
21,p
22,e
23,e
24,e
25,p
26,e
27,e
28,e
29,e
30,e
31,p
32,e
33,e
34,e
35,e
36,e
37,p
38,e
39,e
40,e
41,e
42,e
43,p
44,e
45,e
46,e
47,e
48,e
49,e
50,e
51,e
52,e
53,p
54,p
55,e
56,e
57,e
58,e
59,e
60,e
61,e
62,e
63,e
64,e
65,e
66,e
67,e
68,e
69,e
70,e
71,e
72,e
73,e
74,e
75,e
76,e
77,e
78,p
79,e
80,e
81,p
82,e
83,e
84,e
85,e
86,e
87,e
88,e
89,e
90,e
91,e
92,e
93,e
94,e
95,e
96,e
97,e
98,e
99,e
100,e
101,e
102,e
103,e
104,e
105,e
106,e
107,e
108,e
109,e
110,e
111,e
112,e
113,e
114,p
115,e
116,e
117,e
118,e
119,e
120,p
121,e
122,p
123,e
124,e
125,e
126,e
127,e
128,e
129,e
130,e
131,e
132,e
133,e
134,e
135,p
136,e
137,e
138,p
139,e
140,e
141,e
142,e
143,e
144,e
145,e
146,e
147,e
148,e
149,e
150,e
151,e
152,e
153,e
154,e
155,e
156,e
157,e
158,e
159,e
160,e
161,e
162,e
163,e
164,e
165,e
166,e
167,e
168,e
169,e
170,e
171,e
172,e
173,e
174,e
175,e
176,e
177,e
178,e
179,e
180,p
181,e
182,e
183,e
184,e
185,p
186,e
187,e
188,e
189,e
190,e
191,e
192,e
193,e
194,e
195,e
196,e
197,e
198,e
199,e
200,e
201,e
202,e
203,e
204,e
205,p
206,e
207,e
208,e
209,e
210,e
211,e
212,e
213,e
214,e
215,e
216,e
217,e
218,e
219,e
220,e
221,p
222,e
223,e
224,e
225,e
226,e
227,e
228,p
229,e
230,e
231,p
232,e
233,e
234,e
235,e
236,e
237,e
238,e
239,e
240,e
241,e
242,e
243,p
244,e
245,e
246,e
247,e
248,e
249,e
250,e
251,p
252,e
253,e
254,e
255,e
256,e
257,e
258,e
259,e
260,e
261,p
262,e
263,e
264,e
265,e
266,e
267,e
268,e
269,p
270,e
271,p
272,e
273,e
274,e
275,e
276,e
277,e
278,e
279,e
280,p
281,e
282,e
283,e
284,e
285,e
286,e
287,e
288,e
289,e
290,e
291,e
292,e
293,e
294,e
295,e
296,e
297,e
298,e
299,p
300,e
301,e
302,e
303,e
304,e
305,e
306,e
307,e
308,e
309,e
310,e
311,p
312,e
313,e
314,e
315,p
316,e
317,e
318,e
319,e
320,e
321,e
322,e
323,e
324,e
325,e
326,e
327,p
328,e
329,e
330,p
331,e
332,e
333,e
334,e
335,e
336,e
337,e
338,e
339,e
340,e
341,e
342,e
343,e
344,e
345,e
346,e
347,e
348,e
349,e
350,e
351,e
352,e
353,e
354,e
355,e
356,e
357,p
358,e
359,e
360,e
361,e
362,e
363,e
364,e
365,e
366,e
367,e
368,e
369,e
370,e
371,e
372,e
373,e
374,e
375,e
376,e
377,e
378,e
379,e
380,p
381,e
382,e
383,e
384,e
385,p
386,e
387,e
388,e
389,e
390,e
391,e
392,e
393,e
394,e
395,e
396,e
397,e
398,e
399,p
400,e
401,e
402,p
403,e
404,e
405,e
406,e
407,e
408,e
409,e
410,e
411,e
412,e
413,e
414,p
415,e
416,e
417,p
418,e
419,e
420,e
421,e
422,p
423,e
424,e
425,e
426,e
427,e
428,e
429,e
430,e
431,e
432,e
433,e
434,e
435,e
436,e
437,e
438,e
439,e
440,e
441,e
442,e
443,e
444,e
445,e
446,e
447,e
448,e
449,e
450,e
451,e
452,e
453,e
454,e
455,e
456,e
457,e
458,e
459,e
460,e
461,e
462,e
463,e
464,e
465,e
466,e
467,e
468,e
469,e
470,e
471,e
472,e
473,e
474,e
475,e
476,e
477,e
478,e
479,e
480,e
481,e
482,e
483,e
484,e
485,e
486,e
487,e
488,e
489,e
490,e
491,p
492,p
493,e
494,e
495,e
496,e
497,e
498,e
499,e
500,e
501,e
502,e
503,e
504,e
505,p
506,e
507,e
508,e
509,e
510,e
511,e
512,e
513,e
514,e
515,e
516,e
517,e
518,e
519,e
520,e
521,e
522,e
523,p
524,e
525,e
526,e
527,e
528,e
529,e
530,e
531,e
532,p
533,e
534,p
535,e
536,e
537,e
538,e
539,e
540,e
541,e
542,p
543,e
544,e
545,e
546,e
547,e
548,e
549,e
550,e
551,e
552,e
553,e
554,e
555,e
556,p
557,e
558,e
559,e
560,e
561,e
562,e
563,e
564,e
565,p
566,e
567,e
568,p
569,e
570,e
571,e
572,e
573,e
574,e
575,e
576,e
577,e
578,e
579,p
580,e
581,e
582,e
583,e
584,e
585,e
586,e
587,e
588,e
589,e
590,p
591,e
592,e
593,p
594,e
595,p
596,e
597,e
598,p
599,p
600,e
601,e
602,e
603,e
604,e
605,e
606,e
607,e
608,e
609,e
610,e
611,e
612,e
613,p
614,e
615,e
616,e
617,e
618,e
619,e
620,e
621,e
622,e
623,e
624,e
625,e
626,e
627,e
628,e
629,e
630,e
631,e
632,e
633,e
634,e
635,e
636,e
637,e
638,e
639,e
640,e
641,e
642,e
643,e
644,e
645,e
646,e
647,e
648,e
649,e
650,e
651,e
652,e
653,p
654,p
655,e
656,e
657,e
658,e
659,e
660,e
661,e
662,p
663,p
664,e
665,e
666,e
667,e
668,e
669,e
670,e
671,e
672,e
673,e
674,e
675,e
676,e
677,e
678,e
679,e
680,e
681,e
682,e
683,e
684,e
685,e
686,e
687,e
688,e
689,e
690,e
691,e
692,e
693,e
694,p
695,e
696,e
697,p
698,p
699,e
700,p
701,e
702,e
703,e
704,e
705,e
706,e
707,e
708,e
709,e
710,e
711,e
712,e
713,e
714,e
715,e
716,e
717,e
718,e
719,e
720,e
721,e
722,e
723,e
724,e
725,p
726,e
727,e
728,e
729,e
730,e
731,e
732,p
733,p
734,e
735,e
736,e
737,p
738,e
739,e
740,e
741,e
742,e
743,e
744,e
745,e
746,e
747,e
748,p
749,e
750,e
751,e
752,e
753,e
754,e
755,e
756,e
757,e
758,e
759,e
760,e
761,e
762,e
763,e
764,e
765,e
766,e
767,e
768,e
769,e
770,e
771,e
772,e
773,e
774,e
775,e
776,p
777,e
778,e
779,e
780,e
781,e
782,e
783,e
784,e
785,p
786,e
787,e
788,p
789,e
790,e
791,e
792,e
793,e
794,p
795,p
796,e
797,e
798,p
799,e
800,e
801,e
802,p
803,e
804,e
805,e
806,e
807,e
808,e
809,e
810,e
811,e
812,p
813,p
814,p
815,e
816,e
817,e
818,e
819,e
820,e
821,e
822,e
823,e
824,e
825,e
826,e
827,e
828,e
829,e
830,e
831,e
832,e
833,e
834,e
835,p
836,e
837,p
838,e
839,e
840,e
841,p
842,e
843,e
844,e
845,e
846,e
847,e
848,e
849,e
850,e
851,e
852,e
853,e
854,e
855,e
856,e
857,e
858,e
859,p
860,e
861,e
862,e
863,e
864,e
865,e
866,e
867,e
868,e
869,e
870,e
871,e
872,e
873,e
874,e
875,e
876,e
877,e
878,e
879,e
880,e
881,e
882,e
883,e
884,e
885,e
886,e
887,e
888,e
889,e
890,e
891,e
892,e
893,e
894,e
895,e
896,e
897,e
898,e
899,e
900,e
901,e
902,e
903,e
904,e
905,e
906,p
907,e
908,p
909,p
910,e
911,e
912,e
913,e
914,e
915,e
916,e
917,e
918,e
919,e
920,e
921,e
922,e
923,e
924,e
925,e
926,e
927,p
928,e
929,e
930,e
931,e
932,p
933,e
934,e
935,e
936,e
937,e
938,e
939,e
940,e
941,e
942,p
943,e
944,e
945,e
946,e
947,e
948,e
949,p
950,p
951,e
952,e
953,e
954,e
955,e
956,p
957,e
958,e
959,e
960,e
961,e
962,e
963,e
964,e
965,e
966,p
967,e
968,e
969,e
970,e
971,e
972,e
973,e
974,e
975,e
976,e
977,e
978,e
979,e
980,e
981,e
982,e
983,e
984,p
985,e
986,e
987,e
988,e
989,e
990,e
991,e
992,e
993,e
994,e
995,e
996,e
997,e
998,e
999,p
1000,e
1001,e
1002,e
1003,p
1004,e
1005,e
1006,e
1007,e
1008,e
1009,e
1010,e
1011,e
1012,e
1013,e
1014,e
1015,e
1016,e
1017,e
1018,p
1019,e
1020,e
1021,e
1022,e
1023,e
1024,p
1025,p
1026,e
1027,e
1028,e
1029,e
1030,e
1031,p
1032,e
1033,e
1034,e
1035,e
1036,e
1037,e
1038,e
1039,p
1040,e
1041,e
1042,e
1043,e
1044,e
1045,e
1046,e
1047,p
1048,e
1049,e
1050,e
1051,e
1052,e
1053,e
1054,e
1055,e
1056,e
1057,e
1058,e
1059,e
1060,e
1061,e
1062,e
1063,e
1064,p
1065,e
1066,e
1067,e
1068,e
1069,e
1070,e
1071,p
1072,e
1073,e
1074,e
1075,e
1076,e
1077,p
1078,e
1079,e
1080,e
1081,p
1082,e
1083,e
1084,e
1085,e
1086,e
1087,e
1088,p
1089,e
1090,e
1091,e
1092,e
1093,e
1094,e
1095,p
1096,e
1097,e
1098,e
1099,p
1100,e
1101,e
1102,e
1103,p
1104,e
1105,e
1106,p
1107,e
1108,e
1109,e
1110,e
1111,p
1112,e
1113,e
1114,e
1115,e
1116,e
1117,e
1118,e
1119,e
1120,e
1121,e
1122,e
1123,e
1124,e
1125,e
1126,e
1127,e
1128,e
1129,e
1130,p
1131,e
1132,p
1133,e
1134,e
1135,e
1136,e
1137,e
1138,e
1139,e
1140,e
1141,e
1142,e
1143,e
1144,e
1145,e
1146,e
1147,e
1148,e
1149,e
1150,e
1151,e
1152,p
1153,e
1154,p
1155,e
1156,e
1157,e
1158,e
1159,e
1160,e
1161,e
1162,e
1163,e
1164,e
1165,e
1166,p
1167,e
1168,e
1169,e
1170,e
1171,e
1172,e
1173,e
1174,e
1175,e
1176,e
1177,e
1178,e
1179,e
1180,e
1181,e
1182,e
1183,e
1184,e
1185,e
1186,e
1187,p
1188,e
1189,e
1190,e
1191,e
1192,e
1193,e
1194,e
1195,p
1196,e
1197,e
1198,e
1199,e
1200,e
1201,e
1202,e
1203,e
1204,p
1205,e
1206,e
1207,p
1208,e
1209,e
1210,e
1211,e
1212,e
1213,e
1214,e
1215,p
1216,e
1217,e
1218,e
1219,e
1220,e
1221,e
1222,e
1223,e
1224,e
1225,e
1226,e
1227,e
1228,p
1229,e
1230,e
1231,p
1232,e
1233,e
1234,e
1235,e
1236,e
1237,e
1238,e
1239,e
1240,p
1241,e
1242,p
1243,p
1244,e
1245,e
1246,e
1247,e
1248,e
1249,e
1250,e
1251,e
1252,e
1253,p
1254,p
1255,e
1256,p
1257,e
1258,e
1259,p
1260,p
1261,p
1262,p
1263,e
1264,e
1265,e
1266,e
1267,p
1268,e
1269,e
1270,e
1271,e
1272,p
1273,e
1274,e
1275,p
1276,e
1277,e
1278,e
1279,e
1280,e
1281,e
1282,e
1283,e
1284,e
1285,e
1286,p
1287,e
1288,e
1289,e
1290,e
1291,e
1292,e
1293,p
1294,p
1295,e
1296,e
1297,e
1298,e
1299,e
1300,e
1301,e
1302,e
1303,e
1304,e
1305,e
1306,e
1307,e
1308,e
1309,e
1310,e
1311,e
1312,p
1313,e
1314,e
1315,e
1316,e
1317,e
1318,e
1319,e
1320,e
1321,p
1322,e
1323,p
1324,e
1325,e
1326,e
1327,e
1328,e
1329,e
1330,e
1331,e
1332,p
1333,e
1334,e
1335,e
1336,e
1337,e
1338,e
1339,e
1340,e
1341,e
1342,p
1343,e
1344,e
1345,e
1346,p
1347,e
1348,e
1349,e
1350,e
1351,e
1352,e
1353,e
1354,e
1355,e
1356,e
1357,e
1358,e
1359,e
1360,e
1361,p
1362,e
1363,e
1364,e
1365,e
1366,e
1367,e
1368,e
1369,e
1370,e
1371,e
1372,e
1373,e
1374,p
1375,p
1376,e
1377,e
1378,p
1379,e
1380,p
1381,e
1382,p
1383,e
1384,e
1385,e
1386,e
1387,e
1388,e
1389,e
1390,e
1391,e
1392,e
1393,e
1394,e
1395,e
1396,e
1397,e
1398,e
1399,p
1400,e
1401,e
1402,e
1403,e
1404,e
1405,p
1406,e
1407,e
1408,e
1409,e
1410,e
1411,e
1412,e
1413,e
1414,e
1415,e
1416,e
1417,e
1418,e
1419,e
1420,p
1421,e
1422,e
1423,e
1424,e
1425,e
1426,e
1427,e
1428,e
1429,p
1430,e
1431,e
1432,p
1433,p
1434,p
1435,e
1436,e
1437,p
1438,e
1439,e
1440,e
1441,e
1442,e
1443,e
1444,p
1445,p
1446,e
1447,e
1448,e
1449,e
1450,e
1451,p
1452,e
1453,p
1454,e
1455,e
1456,e
1457,e
1458,e
1459,p
1460,e
1461,e
1462,e
1463,e
1464,e
1465,e
1466,e
1467,e
1468,e
1469,e
1470,e
1471,e
1472,p
1473,e
1474,e
1475,e
1476,e
1477,e
1478,p
1479,e
1480,e
1481,e
1482,e
1483,e
1484,e
1485,p
1486,e
1487,e
1488,e
1489,p
1490,e
1491,p
1492,e
1493,e
1494,e
1495,e
1496,e
1497,e
1498,e
1499,e
1500,e
1501,e
1502,e
1503,e
1504,e
1505,e
1506,p
1507,e
1508,e
1509,e
1510,e
1511,e
1512,e
1513,e
1514,e
1515,e
1516,e
1517,e
1518,e
1519,e
1520,e
1521,e
1522,e
1523,e
1524,e
1525,e
1526,e
1527,e
1528,e
1529,e
1530,p
1531,e
1532,p
1533,e
1534,e
1535,p
1536,e
1537,p
1538,e
1539,e
1540,p
1541,e
1542,e
1543,e
1544,e
1545,e
1546,p
1547,e
1548,e
1549,e
1550,e
1551,e
1552,e
1553,e
1554,e
1555,p
1556,e
1557,e
1558,e
1559,e
1560,e
1561,e
1562,e
1563,e
1564,e
1565,e
1566,p
1567,e
1568,p
1569,e
1570,e
1571,e
1572,e
1573,e
1574,e
1575,e
1576,e
1577,p
1578,e
1579,p
1580,e
1581,e
1582,e
1583,p
1584,e
1585,p
1586,e
1587,e
1588,e
1589,e
1590,e
1591,e
1592,e
1593,e
1594,e
1595,e
1596,e
1597,e
1598,e
1599,e
1600,e
1601,e
1602,e
1603,e
1604,e
1605,e
1606,e
1607,e
1608,e
1609,e
1610,e
1611,e
1612,e
1613,p
1614,p
1615,e
1616,e
1617,e
1618,e
1619,e
1620,e
1621,e
1622,e
1623,e
1624,e
1625,p
1626,e
1627,e
1628,p
1629,p
1630,p
1631,e
1632,e
1633,e
1634,e
1635,e
1636,p
1637,p
1638,e
1639,e
1640,e
1641,e
1642,e
1643,e
1644,e
1645,e
1646,e
1647,e
1648,e
1649,e
1650,e
1651,e
1652,e
1653,e
1654,e
1655,e
1656,e
1657,e
1658,e
1659,e
1660,e
1661,e
1662,e
1663,e
1664,e
1665,p
1666,e
1667,p
1668,e
1669,p
1670,e
1671,e
1672,e
1673,e
1674,e
1675,e
1676,e
1677,e
1678,e
1679,e
1680,e
1681,e
1682,e
1683,p
1684,e
1685,e
1686,e
1687,e
1688,e
1689,e
1690,e
1691,e
1692,e
1693,e
1694,e
1695,e
1696,e
1697,e
1698,e
1699,e
1700,e
1701,e
1702,e
1703,p
1704,e
1705,e
1706,e
1707,p
1708,e
1709,e
1710,e
1711,e
1712,e
1713,e
1714,e
1715,e
1716,e
1717,e
1718,e
1719,e
1720,e
1721,e
1722,e
1723,e
1724,e
1725,p
1726,e
1727,e
1728,e
1729,e
1730,e
1731,p
1732,e
1733,e
1734,p
1735,e
1736,e
1737,e
1738,e
1739,p
1740,e
1741,e
1742,e
1743,e
1744,e
1745,p
1746,e
1747,e
1748,p
1749,e
1750,e
1751,e
1752,e
1753,e
1754,p
1755,e
1756,e
1757,e
1758,e
1759,e
1760,e
1761,e
1762,e
1763,e
1764,e
1765,p
1766,e
1767,e
1768,e
1769,e
1770,e
1771,e
1772,e
1773,e
1774,e
1775,e
1776,e
1777,p
1778,p
1779,e
1780,e
1781,e
1782,e
1783,p
1784,e
1785,e
1786,p
1787,e
1788,e
1789,e
1790,p
1791,e
1792,e
1793,e
1794,e
1795,p
1796,e
1797,e
1798,p
1799,e
1800,e
1801,e
1802,e
1803,e
1804,e
1805,e
1806,e
1807,e
1808,e
1809,e
1810,p
1811,e
1812,p
1813,e
1814,e
1815,e
1816,p
1817,e
1818,e
1819,e
1820,e
1821,e
1822,p
1823,e
1824,e
1825,e
1826,e
1827,e
1828,e
1829,e
1830,e
1831,e
1832,e
1833,e
1834,e
1835,e
1836,e
1837,e
1838,e
1839,e
1840,e
1841,e
1842,e
1843,p
1844,e
1845,e
1846,e
1847,e
1848,e
1849,e
1850,e
1851,e
1852,e
1853,e
1854,e
1855,e
1856,e
1857,e
1858,p
1859,e
1860,e
1861,e
1862,e
1863,e
1864,e
1865,e
1866,e
1867,e
1868,e
1869,e
1870,e
1871,e
1872,e
1873,e
1874,e
1875,e
1876,e
1877,e
1878,e
1879,e
1880,e
1881,e
1882,e
1883,e
1884,e
1885,e
1886,e
1887,p
1888,e
1889,e
1890,e
1891,e
1892,e
1893,e
1894,e
1895,e
1896,e
1897,e
1898,e
1899,e
1900,e
1901,e
1902,e
1903,e
1904,e
1905,e
1906,e
1907,e
1908,e
1909,e
1910,e
1911,e
1912,e
1913,e
1914,e
1915,e
1916,p
1917,e
1918,e
1919,e
1920,e
1921,e
1922,e
1923,e
1924,e
1925,e
1926,e
1927,e
1928,e
1929,e
1930,p
1931,e
1932,e
1933,e
1934,e
1935,e
1936,e
1937,e
1938,e
1939,e
1940,e
1941,e
1942,e
1943,e
1944,e
1945,p
1946,e
1947,e
1948,e
1949,e
1950,e
1951,e
1952,e
1953,e
1954,e
1955,p
1956,e
1957,e
1958,e
1959,p
1960,e
1961,e
1962,e
1963,e
1964,e
1965,e
1966,e
1967,e
1968,e
1969,e
1970,e
1971,e
1972,p
1973,e
1974,e
1975,p
1976,e
1977,e
1978,e
1979,e
1980,e
1981,e
1982,e
1983,e
1984,e
1985,e
1986,e
1987,p
1988,e
1989,p
1990,p
1991,e
1992,e
1993,e
1994,e
1995,e
1996,e
1997,e
1998,e
1999,e
2000,e
2001,e
2002,e
2003,e
2004,p
2005,e
2006,p
2007,e
2008,e
2009,p
2010,e
2011,e
2012,e
2013,e
2014,e
2015,e
2016,e
2017,e
2018,e
2019,e
2020,e
2021,e
2022,e
2023,e
2024,e
2025,e
2026,e
2027,e
2028,e
2029,e
2030,e
2031,e
2032,e
2033,e
2034,e
2035,e
2036,e
2037,e
2038,e
2039,e
2040,e
2041,e
2042,e
2043,e
2044,e
2045,e
2046,e
2047,e
2048,e
2049,e
2050,e
2051,e
2052,e
2053,e
2054,e
2055,e
2056,e
2057,e
2058,e
2059,e
2060,e
2061,p
2062,e
2063,e
2064,e
2065,e
2066,e
2067,p
2068,e
2069,e
2070,e
2071,e
2072,e
2073,e
2074,p
2075,e
2076,e
2077,e
2078,e
2079,e
2080,e
2081,e
2082,e
2083,e
2084,e
2085,e
2086,e
2087,e
2088,e
2089,p
2090,e
2091,e
2092,e
2093,e
2094,e
2095,e
2096,e
2097,e
2098,p
2099,e
2100,e
2101,e
2102,e
2103,e
2104,e
2105,e
2106,e
2107,e
2108,e
2109,e
2110,e
2111,e
2112,p
2113,e
2114,e
2115,e
2116,e
2117,e
2118,e
2119,e
2120,e
2121,e
2122,e
2123,e
2124,e
2125,e
2126,e
2127,e
2128,p
2129,p
2130,e
2131,e
2132,e
2133,e
2134,e
2135,e
2136,e
2137,e
2138,e
2139,e
2140,e
2141,e
2142,e
2143,e
2144,e
2145,e
2146,e
2147,p
2148,e
2149,p
2150,e
2151,e
2152,e
2153,e
2154,e
2155,e
2156,e
2157,e
2158,e
2159,e
2160,e
2161,e
2162,e
2163,e
2164,e
2165,e
2166,e
2167,e
2168,e
2169,e
2170,e
2171,e
2172,e
2173,e
2174,e
2175,e
2176,e
2177,e
2178,p
2179,e
2180,e
2181,e
2182,e
2183,e
2184,e
2185,e
2186,e
2187,e
2188,e
2189,e
2190,e
2191,e
2192,e
2193,e
2194,e
2195,e
2196,e
2197,e
2198,e
2199,e
2200,e
2201,e
2202,e
2203,e
2204,e
2205,e
2206,e
2207,e
2208,e
2209,e
2210,p
2211,e
2212,e
2213,e
2214,e
2215,e
2216,e
2217,e
2218,e
2219,e
2220,e
2221,e
2222,e
2223,e
2224,e
2225,e
2226,e
2227,e
2228,e
2229,e
2230,e
2231,e
2232,e
2233,e
2234,e
2235,e
2236,e
2237,e
2238,p
2239,e
2240,e
2241,p
2242,e
2243,e
2244,e
2245,e
2246,e
2247,e
2248,e
2249,e
2250,e
2251,e
2252,e
2253,e
2254,e
2255,e
2256,e
2257,e
2258,e
2259,e
2260,e
2261,e
2262,e
2263,e
2264,e
2265,e
2266,e
2267,e
2268,e
2269,e
2270,e
2271,e
2272,e
2273,e
2274,e
2275,e
2276,e
2277,e
2278,e
2279,e
2280,e
2281,e
2282,e
2283,e
2284,e
2285,p
2286,e
2287,e
2288,p
2289,e
2290,e
2291,e
2292,e
2293,e
2294,e
2295,e
2296,e
2297,e
2298,e
2299,e
2300,e
2301,e
2302,e
2303,e
2304,e
2305,e
2306,e
2307,e
2308,e
2309,e
2310,e
2311,e
2312,e
2313,e
2314,e
2315,e
2316,e
2317,e
2318,e
2319,e
2320,e
2321,e
2322,e
2323,e
2324,e
2325,e
2326,e
2327,e
2328,e
2329,e
2330,e
2331,e
2332,e
2333,e
2334,e
2335,e
2336,e
2337,e
2338,e
2339,e
2340,e
2341,e
2342,e
2343,e
2344,e
2345,e
2346,e
2347,e
2348,e
2349,e
2350,e
2351,p
2352,e
2353,e
2354,e
2355,e
2356,e
2357,e
2358,e
2359,e
2360,e
2361,e
2362,e
2363,e
2364,e
2365,e
2366,e
2367,e
2368,e
2369,e
2370,e
2371,e
2372,e
2373,e
2374,e
2375,p
2376,e
2377,e
2378,e
2379,e
2380,e
2381,e
2382,e
2383,e
2384,e
2385,p
2386,e
2387,e
2388,p
2389,e
2390,e
2391,e
2392,e
2393,e
2394,e
2395,e
2396,e
2397,e
2398,e
2399,e
2400,p
2401,e
2402,e
2403,e
2404,e
2405,e
2406,e
2407,e
2408,e
2409,e
2410,e
2411,e
2412,e
2413,e
2414,e
2415,e
2416,e
2417,e
2418,e
2419,e
2420,e
2421,e
2422,e
2423,e
2424,e
2425,e
2426,p
2427,e
2428,e
2429,e
2430,e
2431,e
2432,e
2433,e
2434,e
2435,e
2436,e
2437,e
2438,e
2439,e
2440,e
2441,e
2442,e
2443,p
2444,e
2445,e
2446,e
2447,e
2448,e
2449,e
2450,e
2451,e
2452,e
2453,e
2454,e
2455,e
2456,e
2457,e
2458,e
2459,e
2460,e
2461,e
2462,e
2463,e
2464,e
2465,e
2466,e
2467,e
2468,e
2469,e
2470,e
2471,e
2472,e
2473,e
2474,e
2475,e
2476,e
2477,e
2478,p
2479,e
2480,e
2481,e
2482,p
2483,e
2484,e
2485,e
2486,e
2487,e
2488,e
2489,e
2490,e
2491,e
2492,e
2493,e
2494,e
2495,p
2496,e
2497,e
2498,e
2499,e
2500,e
2501,e
2502,e
2503,e
2504,e
2505,e
2506,e
2507,e
2508,e
2509,e
2510,e
2511,e
2512,p
2513,e
2514,e
2515,e
2516,e
2517,e
2518,e
2519,e
2520,e
2521,e
2522,e
2523,e
2524,e
2525,e
2526,e
2527,e
2528,e
2529,e
2530,e
2531,e
2532,e
2533,p
2534,e
2535,e
2536,p
2537,e
2538,e
2539,p
2540,p
2541,e
2542,e
2543,e
2544,e
2545,e
2546,e
2547,e
2548,e
2549,e
2550,e
2551,e
2552,e
2553,e
2554,e
2555,e
2556,e
2557,e
2558,e
2559,e
2560,p
2561,e
2562,e
2563,e
2564,e
2565,e
2566,p
2567,e
2568,e
2569,e
2570,e
2571,p
2572,e
2573,e
2574,e
2575,e
2576,e
2577,e
2578,e
2579,e
2580,e
2581,e
2582,e
2583,e
2584,e
2585,e
2586,e
2587,e
2588,e
2589,e
2590,e
2591,e
2592,e
2593,e
2594,p
2595,e
2596,e
2597,e
2598,e
2599,e
2600,e
2601,e
2602,e
2603,e
2604,e
2605,p
2606,e
2607,e
2608,e
2609,e
2610,e
2611,e
2612,e
2613,e
2614,e
2615,e
2616,e
2617,e
2618,e
2619,e
2620,e
2621,e
2622,e
2623,e
2624,e
2625,e
2626,e
2627,p
2628,e
2629,e
2630,e
2631,e
2632,e
2633,e
2634,e
2635,e
2636,e
2637,e
2638,e
2639,e
2640,e
2641,e
2642,e
2643,e
2644,e
2645,e
2646,e
2647,e
2648,e
2649,e
2650,e
2651,e
2652,e
2653,e
2654,e
2655,e
2656,e
2657,e
2658,e
2659,e
2660,e
2661,e
2662,e
2663,e
2664,e
2665,e
2666,e
2667,e
2668,e
2669,e
2670,e
2671,e
2672,e
2673,e
2674,e
2675,e
2676,e
2677,e
2678,e
2679,e
2680,e
2681,e
2682,e
2683,p
2684,e
2685,e
2686,e
2687,e
2688,e
2689,e
2690,e
2691,e
2692,e
2693,e
2694,e
2695,e
2696,e
2697,p
2698,e
2699,e
2700,e
2701,e
2702,e
2703,e
2704,e
2705,e
2706,e
2707,e
2708,e
2709,e
2710,e
2711,e
2712,e
2713,e
2714,e
2715,e
2716,e
2717,e
2718,e
2719,e
2720,e
2721,e
2722,e
2723,e
2724,e
2725,e
2726,e
2727,e
2728,e
2729,e
2730,e
2731,e
2732,e
2733,e
2734,e
2735,e
2736,e
2737,e
2738,e
2739,e
2740,e
2741,e
2742,e
2743,e
2744,e
2745,e
2746,e
2747,e
2748,e
2749,p
2750,e
2751,e
2752,e
2753,e
2754,e
2755,e
2756,e
2757,e
2758,e
2759,e
2760,e
2761,e
2762,e
2763,e
2764,e
2765,e
2766,p
2767,e
2768,e
2769,e
2770,p
2771,e
2772,e
2773,e
2774,e
2775,e
2776,e
2777,e
2778,e
2779,e
2780,e
2781,e
2782,e
2783,e
2784,e
2785,e
2786,e
2787,e
2788,e
2789,e
2790,e
2791,e
2792,e
2793,e
2794,e
2795,e
2796,e
2797,p
2798,e
2799,e
2800,e
2801,e
2802,e
2803,e
2804,e
2805,e
2806,e
2807,e
2808,e
2809,e
2810,e
2811,e
2812,e
2813,e
2814,e
2815,e
2816,e
2817,e
2818,e
2819,e
2820,e
2821,e
2822,e
2823,e
2824,e
2825,e
2826,e
2827,e
2828,e
2829,e
2830,e
2831,e
2832,e
2833,e
2834,e
2835,e
2836,e
2837,e
2838,e
2839,e
2840,e
2841,p
2842,e
2843,e
2844,e
2845,e
2846,e
2847,e
2848,e
2849,e
2850,e
2851,e
2852,e
2853,e
2854,e
2855,e
2856,e
2857,e
2858,e
2859,e
2860,p
2861,e
2862,e
2863,e
2864,e
2865,e
2866,e
2867,e
2868,e
2869,e
2870,e
2871,e
2872,e
2873,e
2874,e
2875,e
2876,e
2877,e
2878,e
2879,e
2880,e
2881,e
2882,e
2883,e
2884,e
2885,e
2886,e
2887,p
2888,e
2889,e
2890,e
2891,e
2892,p
2893,e
2894,e
2895,e
2896,e
2897,e
2898,e
2899,e
2900,e
2901,e
2902,e
2903,p
2904,e
2905,e
2906,e
2907,e
2908,e
2909,e
2910,e
2911,e
2912,e
2913,e
2914,e
2915,e
2916,e
2917,e
2918,e
2919,e
2920,e
2921,e
2922,e
2923,e
2924,e
2925,e
2926,p
2927,e
2928,e
2929,e
2930,e
2931,e
2932,e
2933,e
2934,e
2935,e
2936,e
2937,p
2938,e
2939,e
2940,e
2941,e
2942,e
2943,e
2944,e
2945,e
2946,e
2947,e
2948,e
2949,e
2950,e
2951,e
2952,e
2953,e
2954,e
2955,e
2956,e
2957,e
2958,e
2959,e
2960,e
2961,e
2962,e
2963,e
2964,e
2965,e
2966,e
2967,e
2968,e
2969,e
2970,e
2971,e
2972,e
2973,e
2974,e
2975,e
2976,e
2977,e
2978,e
2979,e
2980,e
2981,e
2982,e
2983,e
2984,e
2985,e
2986,e
2987,e
2988,e
2989,e
2990,p
2991,e
2992,e
2993,e
2994,e
2995,e
2996,e
2997,e
2998,e
2999,e
3000,e
3001,p
3002,e
3003,p
3004,p
3005,e
3006,e
3007,e
3008,e
3009,p
3010,e
3011,e
3012,e
3013,p
3014,e
3015,e
3016,p
3017,p
3018,e
3019,e
3020,e
3021,e
3022,e
3023,e
3024,e
3025,e
3026,p
3027,p
3028,e
3029,e
3030,e
3031,e
3032,e
3033,e
3034,p
3035,e
3036,e
3037,p
3038,e
3039,e
3040,p
3041,p
3042,e
3043,e
3044,e
3045,e
3046,e
3047,p
3048,e
3049,e
3050,e
3051,e
3052,p
3053,e
3054,e
3055,e
3056,e
3057,p
3058,p
3059,e
3060,p
3061,p
3062,p
3063,e
3064,p
3065,e
3066,e
3067,e
3068,p
3069,p
3070,e
3071,e
3072,e
3073,p
3074,e
3075,p
3076,e
3077,e
3078,p
3079,e
3080,e
3081,e
3082,p
3083,e
3084,e
3085,p
3086,e
3087,p
3088,e
3089,p
3090,p
3091,p
3092,e
3093,p
3094,e
3095,p
3096,e
3097,p
3098,e
3099,e
3100,e
3101,e
3102,p
3103,p
3104,p
3105,e
3106,e
3107,e
3108,e
3109,p
3110,p
3111,e
3112,e
3113,e
3114,e
3115,e
3116,e
3117,e
3118,p
3119,p
3120,e
3121,e
3122,p
3123,e
3124,p
3125,e
3126,e
3127,e
3128,e
3129,e
3130,e
3131,e
3132,e
3133,e
3134,e
3135,e
3136,e
3137,e
3138,p
3139,e
3140,e
3141,p
3142,e
3143,e
3144,e
3145,e
3146,e
3147,p
3148,p
3149,e
3150,e
3151,e
3152,p
3153,e
3154,e
3155,e
3156,p
3157,e
3158,e
3159,p
3160,e
3161,p
3162,p
3163,e
3164,p
3165,p
3166,p
3167,e
3168,p
3169,p
3170,e
3171,e
3172,e
3173,p
3174,p
3175,e
3176,e
3177,e
3178,e
3179,p
3180,e
3181,p
3182,p
3183,e
3184,e
3185,e
3186,e
3187,p
3188,p
3189,e
3190,p
3191,p
3192,e
3193,p
3194,e
3195,e
3196,e
3197,e
3198,e
3199,p
3200,e
3201,p
3202,e
3203,e
3204,e
3205,p
3206,e
3207,e
3208,p
3209,p
3210,e
3211,p
3212,e
3213,e
3214,e
3215,e
3216,e
3217,e
3218,p
3219,e
3220,e
3221,e
3222,e
3223,e
3224,e
3225,e
3226,p
3227,p
3228,e
3229,e
3230,e
3231,p
3232,p
3233,p
3234,e
3235,p
3236,e
3237,e
3238,e
3239,p
3240,e
3241,e
3242,p
3243,p
3244,e
3245,p
3246,p
3247,e
3248,p
3249,e
3250,e
3251,e
3252,e
3253,p
3254,e
3255,e
3256,e
3257,e
3258,p
3259,p
3260,e
3261,e
3262,p
3263,e
3264,p
3265,p
3266,e
3267,e
3268,p
3269,p
3270,p
3271,e
3272,e
3273,e
3274,p
3275,e
3276,p
3277,p
3278,e
3279,e
3280,p
3281,p
3282,p
3283,e
3284,p
3285,e
3286,e
3287,e
3288,e
3289,e
3290,e
3291,e
3292,p
3293,e
3294,e
3295,p
3296,e
3297,e
3298,p
3299,e
3300,p
3301,e
3302,e
3303,e
3304,p
3305,e
3306,p
3307,e
3308,e
3309,e
3310,e
3311,e
3312,e
3313,p
3314,e
3315,e
3316,e
3317,e
3318,e
3319,e
3320,e
3321,e
3322,p
3323,p
3324,e
3325,e
3326,p
3327,p
3328,p
3329,e
3330,e
3331,p
3332,e
3333,e
3334,p
3335,e
3336,e
3337,p
3338,e
3339,p
3340,e
3341,p
3342,e
3343,e
3344,e
3345,e
3346,p
3347,e
3348,e
3349,p
3350,e
3351,p
3352,p
3353,e
3354,e
3355,e
3356,e
3357,p
3358,p
3359,p
3360,e
3361,e
3362,p
3363,p
3364,e
3365,p
3366,p
3367,e
3368,e
3369,e
3370,e
3371,p
3372,p
3373,e
3374,e
3375,e
3376,e
3377,e
3378,e
3379,p
3380,e
3381,p
3382,e
3383,e
3384,e
3385,e
3386,e
3387,e
3388,p
3389,p
3390,p
3391,e
3392,e
3393,p
3394,e
3395,p
3396,e
3397,p
3398,e
3399,p
3400,p
3401,e
3402,p
3403,p
3404,e
3405,p
3406,e
3407,e
3408,e
3409,e
3410,e
3411,p
3412,e
3413,e
3414,e
3415,e
3416,e
3417,p
3418,p
3419,e
3420,e
3421,p
3422,e
3423,e
3424,e
3425,p
3426,p
3427,e
3428,e
3429,e
3430,e
3431,e
3432,p
3433,e
3434,e
3435,p
3436,e
3437,p
3438,e
3439,p
3440,e
3441,p
3442,e
3443,p
3444,p
3445,e
3446,p
3447,p
3448,e
3449,e
3450,e
3451,p
3452,p
3453,p
3454,p
3455,e
3456,e
3457,p
3458,e
3459,e
3460,e
3461,e
3462,e
3463,p
3464,e
3465,p
3466,e
3467,e
3468,p
3469,p
3470,e
3471,e
3472,e
3473,p
3474,e
3475,e
3476,e
3477,p
3478,e
3479,p
3480,e
3481,e
3482,e
3483,p
3484,p
3485,e
3486,e
3487,e
3488,p
3489,e
3490,p
3491,e
3492,p
3493,e
3494,e
3495,e
3496,p
3497,e
3498,e
3499,e
3500,p
3501,e
3502,e
3503,e
3504,e
3505,e
3506,p
3507,e
3508,p
3509,e
3510,e
3511,p
3512,e
3513,p
3514,e
3515,p
3516,e
3517,e
3518,e
3519,e
3520,e
3521,p
3522,p
3523,e
3524,e
3525,p
3526,e
3527,e
3528,e
3529,e
3530,e
3531,p
3532,e
3533,p
3534,e
3535,e
3536,p
3537,e
3538,e
3539,p
3540,e
3541,e
3542,e
3543,p
3544,p
3545,e
3546,e
3547,p
3548,e
3549,e
3550,e
3551,e
3552,e
3553,e
3554,p
3555,e
3556,p
3557,p
3558,e
3559,p
3560,p
3561,e
3562,e
3563,e
3564,e
3565,p
3566,e
3567,p
3568,e
3569,e
3570,p
3571,e
3572,p
3573,e
3574,e
3575,e
3576,e
3577,e
3578,e
3579,e
3580,e
3581,p
3582,e
3583,p
3584,e
3585,e
3586,e
3587,e
3588,e
3589,e
3590,p
3591,e
3592,e
3593,e
3594,p
3595,e
3596,e
3597,p
3598,e
3599,p
3600,e
3601,e
3602,e
3603,e
3604,p
3605,p
3606,p
3607,p
3608,p
3609,e
3610,p
3611,e
3612,e
3613,e
3614,p
3615,e
3616,p
3617,e
3618,e
3619,e
3620,e
3621,p
3622,p
3623,e
3624,e
3625,p
3626,e
3627,p
3628,e
3629,e
3630,p
3631,e
3632,p
3633,p
3634,e
3635,p
3636,e
3637,e
3638,e
3639,e
3640,e
3641,e
3642,e
3643,e
3644,p
3645,e
3646,e
3647,p
3648,p
3649,p
3650,e
3651,e
3652,p
3653,p
3654,p
3655,e
3656,p
3657,e
3658,p
3659,e
3660,e
3661,p
3662,e
3663,p
3664,e
3665,e
3666,e
3667,p
3668,e
3669,e
3670,p
3671,e
3672,e
3673,e
3674,e
3675,p
3676,e
3677,e
3678,e
3679,p
3680,e
3681,e
3682,e
3683,p
3684,p
3685,e
3686,p
3687,p
3688,e
3689,e
3690,e
3691,e
3692,p
3693,e
3694,p
3695,e
3696,e
3697,p
3698,e
3699,p
3700,e
3701,p
3702,e
3703,p
3704,p
3705,e
3706,e
3707,p
3708,p
3709,e
3710,p
3711,e
3712,e
3713,p
3714,e
3715,e
3716,e
3717,e
3718,p
3719,e
3720,e
3721,e
3722,e
3723,e
3724,p
3725,p
3726,p
3727,e
3728,e
3729,e
3730,e
3731,e
3732,e
3733,e
3734,p
3735,e
3736,e
3737,p
3738,p
3739,p
3740,e
3741,p
3742,p
3743,e
3744,e
3745,e
3746,p
3747,e
3748,e
3749,e
3750,p
3751,p
3752,e
3753,p
3754,p
3755,p
3756,e
3757,e
3758,p
3759,e
3760,e
3761,e
3762,e
3763,e
3764,e
3765,e
3766,e
3767,e
3768,e
3769,e
3770,e
3771,e
3772,e
3773,e
3774,e
3775,p
3776,e
3777,e
3778,e
3779,e
3780,e
3781,p
3782,e
3783,p
3784,e
3785,e
3786,e
3787,p
3788,e
3789,e
3790,p
3791,e
3792,p
3793,e
3794,p
3795,e
3796,p
3797,e
3798,e
3799,e
3800,e
3801,p
3802,e
3803,e
3804,p
3805,e
3806,p
3807,e
3808,p
3809,e
3810,p
3811,e
3812,e
3813,e
3814,p
3815,p
3816,e
3817,e
3818,e
3819,e
3820,e
3821,e
3822,p
3823,e
3824,e
3825,e
3826,p
3827,e
3828,e
3829,p
3830,e
3831,p
3832,e
3833,p
3834,p
3835,p
3836,e
3837,e
3838,e
3839,e
3840,p
3841,e
3842,e
3843,p
3844,e
3845,p
3846,e
3847,e
3848,e
3849,e
3850,e
3851,e
3852,p
3853,e
3854,p
3855,e
3856,e
3857,e
3858,p
3859,p
3860,e
3861,e
3862,e
3863,e
3864,p
3865,p
3866,e
3867,e
3868,p
3869,p
3870,e
3871,p
3872,p
3873,p
3874,p
3875,e
3876,p
3877,e
3878,p
3879,p
3880,e
3881,p
3882,p
3883,e
3884,e
3885,p
3886,e
3887,p
3888,e
3889,p
3890,p
3891,e
3892,p
3893,e
3894,p
3895,p
3896,e
3897,e
3898,p
3899,e
3900,p
3901,p
3902,p
3903,p
3904,p
3905,p
3906,p
3907,p
3908,p
3909,p
3910,e
3911,p
3912,p
3913,p
3914,e
3915,e
3916,e
3917,p
3918,p
3919,p
3920,e
3921,p
3922,e
3923,e
3924,e
3925,p
3926,p
3927,p
3928,e
3929,p
3930,p
3931,p
3932,p
3933,p
3934,p
3935,p
3936,p
3937,e
3938,e
3939,p
3940,p
3941,p
3942,e
3943,e
3944,p
3945,e
3946,p
3947,p
3948,e
3949,p
3950,p
3951,p
3952,p
3953,p
3954,p
3955,p
3956,p
3957,p
3958,e
3959,p
3960,p
3961,e
3962,p
3963,p
3964,p
3965,p
3966,p
3967,p
3968,p
3969,p
3970,p
3971,p
3972,e
3973,e
3974,p
3975,p
3976,p
3977,p
3978,p
3979,e
3980,p
3981,p
3982,p
3983,p
3984,e
3985,p
3986,p
3987,p
3988,p
3989,e
3990,p
3991,p
3992,p
3993,p
3994,p
3995,p
3996,p
3997,p
3998,e
3999,p
4000,e
4001,p
4002,e
4003,e
4004,p
4005,p
4006,e
4007,p
4008,e
4009,e
4010,e
4011,p
4012,e
4013,p
4014,p
4015,p
4016,p
4017,p
4018,e
4019,e
4020,p
4021,p
4022,p
4023,p
4024,p
4025,p
4026,p
4027,p
4028,p
4029,p
4030,p
4031,p
4032,p
4033,e
4034,p
4035,p
4036,p
4037,p
4038,p
4039,e
4040,p
4041,e
4042,p
4043,p
4044,p
4045,p
4046,p
4047,e
4048,p
4049,p
4050,p
4051,p
4052,p
4053,p
4054,e
4055,p
4056,p
4057,p
4058,p
4059,e
4060,p
4061,e
4062,e
4063,p
4064,p
4065,p
4066,p
4067,p
4068,e
4069,p
4070,p
4071,p
4072,p
4073,e
4074,e
4075,p
4076,e
4077,e
4078,p
4079,p
4080,p
4081,p
4082,p
4083,p
4084,p
4085,p
4086,p
4087,e
4088,p
4089,e
4090,p
4091,p
4092,e
4093,e
4094,p
4095,e
4096,e
4097,p
4098,p
4099,p
4100,p
4101,p
4102,p
4103,e
4104,p
4105,e
4106,p
4107,e
4108,p
4109,e
4110,p
4111,p
4112,p
4113,e
4114,p
4115,p
4116,p
4117,p
4118,p
4119,p
4120,p
4121,e
4122,p
4123,p
4124,e
4125,p
4126,p
4127,e
4128,p
4129,e
4130,p
4131,p
4132,p
4133,p
4134,e
4135,p
4136,p
4137,p
4138,e
4139,p
4140,p
4141,e
4142,e
4143,p
4144,p
4145,p
4146,p
4147,p
4148,p
4149,p
4150,e
4151,p
4152,p
4153,p
4154,e
4155,e
4156,e
4157,p
4158,p
4159,e
4160,p
4161,e
4162,p
4163,p
4164,p
4165,e
4166,p
4167,p
4168,p
4169,p
4170,p
4171,p
4172,p
4173,p
4174,p
4175,p
4176,e
4177,p
4178,p
4179,e
4180,p
4181,p
4182,p
4183,e
4184,p
4185,p
4186,e
4187,e
4188,p
4189,p
4190,p
4191,p
4192,p
4193,p
4194,p
4195,e
4196,p
4197,e
4198,p
4199,p
4200,p
4201,p
4202,p
4203,p
4204,p
4205,p
4206,p
4207,p
4208,p
4209,p
4210,p
4211,p
4212,p
4213,p
4214,p
4215,p
4216,p
4217,p
4218,p
4219,p
4220,p
4221,p
4222,p
4223,p
4224,e
4225,p
4226,p
4227,p
4228,p
4229,p
4230,p
4231,p
4232,p
4233,p
4234,p
4235,p
4236,p
4237,p
4238,p
4239,p
4240,p
4241,p
4242,p
4243,p
4244,p
4245,p
4246,p
4247,p
4248,p
4249,p
4250,p
4251,p
4252,p
4253,e
4254,p
4255,p
4256,p
4257,p
4258,p
4259,p
4260,p
4261,p
4262,p
4263,p
4264,p
4265,p
4266,p
4267,p
4268,p
4269,p
4270,p
4271,p
4272,p
4273,p
4274,p
4275,p
4276,e
4277,p
4278,p
4279,p
4280,p
4281,p
4282,p
4283,e
4284,p
4285,p
4286,p
4287,p
4288,p
4289,p
4290,p
4291,e
4292,p
4293,p
4294,p
4295,p
4296,p
4297,p
4298,p
4299,p
4300,p
4301,p
4302,p
4303,p
4304,p
4305,e
4306,p
4307,p
4308,p
4309,p
4310,p
4311,p
4312,p
4313,p
4314,p
4315,p
4316,p
4317,p
4318,p
4319,p
4320,p
4321,p
4322,p
4323,p
4324,p
4325,p
4326,e
4327,p
4328,p
4329,p
4330,p
4331,p
4332,p
4333,p
4334,p
4335,p
4336,p
4337,p
4338,p
4339,p
4340,p
4341,e
4342,p
4343,p
4344,p
4345,p
4346,p
4347,p
4348,p
4349,p
4350,p
4351,p
4352,p
4353,p
4354,p
4355,p
4356,p
4357,e
4358,p
4359,p
4360,p
4361,p
4362,p
4363,p
4364,p
4365,p
4366,p
4367,p
4368,p
4369,p
4370,p
4371,p
4372,p
4373,p
4374,p
4375,e
4376,p
4377,p
4378,p
4379,e
4380,e
4381,p
4382,p
4383,p
4384,p
4385,p
4386,p
4387,p
4388,p
4389,p
4390,p
4391,p
4392,p
4393,p
4394,p
4395,p
4396,e
4397,p
4398,p
4399,p
4400,p
4401,p
4402,p
4403,p
4404,p
4405,p
4406,p
4407,p
4408,p
4409,p
4410,e
4411,p
4412,p
4413,p
4414,p
4415,p
4416,p
4417,e
4418,p
4419,e
4420,p
4421,p
4422,p
4423,p
4424,e
4425,p
4426,p
4427,p
4428,p
4429,p
4430,p
4431,p
4432,p
4433,p
4434,p
4435,p
4436,p
4437,p
4438,p
4439,p
4440,p
4441,p
4442,p
4443,p
4444,e
4445,p
4446,p
4447,p
4448,p
4449,p
4450,p
4451,e
4452,p
4453,p
4454,p
4455,p
4456,p
4457,p
4458,p
4459,e
4460,p
4461,p
4462,p
4463,p
4464,p
4465,p
4466,p
4467,p
4468,p
4469,p
4470,p
4471,p
4472,p
4473,p
4474,p
4475,p
4476,p
4477,p
4478,p
4479,p
4480,e
4481,p
4482,p
4483,p
4484,p
4485,p
4486,p
4487,p
4488,p
4489,p
4490,p
4491,e
4492,p
4493,p
4494,p
4495,p
4496,p
4497,e
4498,p
4499,p
4500,p
4501,p
4502,p
4503,p
4504,p
4505,p
4506,p
4507,p
4508,p
4509,p
4510,p
4511,p
4512,p
4513,p
4514,p
4515,p
4516,p
4517,p
4518,p
4519,e
4520,p
4521,p
4522,p
4523,p
4524,p
4525,p
4526,p
4527,p
4528,p
4529,p
4530,p
4531,p
4532,p
4533,e
4534,e
4535,p
4536,p
4537,p
4538,p
4539,p
4540,p
4541,p
4542,p
4543,p
4544,p
4545,p
4546,p
4547,p
4548,p
4549,p
4550,p
4551,p
4552,p
4553,p
4554,p
4555,p
4556,e
4557,e
4558,p
4559,p
4560,p
4561,p
4562,p
4563,p
4564,p
4565,p
4566,p
4567,p
4568,p
4569,p
4570,e
4571,p
4572,p
4573,p
4574,p
4575,p
4576,p
4577,p
4578,p
4579,p
4580,p
4581,p
4582,p
4583,p
4584,p
4585,p
4586,p
4587,p
4588,p
4589,p
4590,p
4591,p
4592,p
4593,p
4594,p
4595,p
4596,p
4597,p
4598,p
4599,p
4600,p
4601,p
4602,p
4603,p
4604,p
4605,p
4606,p
4607,p
4608,p
4609,p
4610,p
4611,e
4612,p
4613,p
4614,p
4615,p
4616,p
4617,p
4618,p
4619,p
4620,p
4621,p
4622,p
4623,p
4624,p
4625,p
4626,p
4627,p
4628,p
4629,p
4630,e
4631,p
4632,p
4633,p
4634,e
4635,p
4636,p
4637,p
4638,p
4639,p
4640,p
4641,p
4642,p
4643,p
4644,p
4645,p
4646,p
4647,e
4648,p
4649,p
4650,p
4651,p
4652,e
4653,p
4654,p
4655,p
4656,p
4657,p
4658,p
4659,p
4660,p
4661,p
4662,e
4663,e
4664,p
4665,p
4666,p
4667,p
4668,p
4669,p
4670,p
4671,p
4672,p
4673,e
4674,p
4675,p
4676,p
4677,p
4678,p
4679,p
4680,p
4681,p
4682,p
4683,p
4684,p
4685,p
4686,p
4687,p
4688,p
4689,p
4690,p
4691,p
4692,p
4693,p
4694,p
4695,p
4696,e
4697,p
4698,p
4699,p
4700,p
4701,p
4702,p
4703,p
4704,p
4705,p
4706,p
4707,p
4708,p
4709,p
4710,p
4711,p
4712,p
4713,p
4714,p
4715,p
4716,p
4717,e
4718,p
4719,e
4720,p
4721,p
4722,p
4723,p
4724,p
4725,p
4726,p
4727,p
4728,p
4729,p
4730,p
4731,p
4732,e
4733,p
4734,e
4735,p
4736,p
4737,p
4738,p
4739,p
4740,p
4741,p
4742,p
4743,p
4744,p
4745,p
4746,p
4747,p
4748,p
4749,p
4750,p
4751,p
4752,p
4753,p
4754,p
4755,p
4756,p
4757,p
4758,p
4759,p
4760,p
4761,p
4762,p
4763,p
4764,p
4765,p
4766,p
4767,p
4768,p
4769,p
4770,p
4771,p
4772,p
4773,p
4774,p
4775,p
4776,p
4777,e
4778,p
4779,p
4780,p
4781,p
4782,p
4783,e
4784,p
4785,p
4786,p
4787,p
4788,e
4789,p
4790,p
4791,p
4792,p
4793,p
4794,p
4795,p
4796,p
4797,p
4798,p
4799,e
4800,p
4801,p
4802,p
4803,p
4804,p
4805,p
4806,e
4807,p
4808,p
4809,p
4810,p
4811,p
4812,e
4813,p
4814,p
4815,p
4816,p
4817,p
4818,p
4819,p
4820,p
4821,p
4822,p
4823,p
4824,e
4825,p
4826,p
4827,p
4828,p
4829,p
4830,p
4831,e
4832,p
4833,p
4834,e
4835,p
4836,p
4837,p
4838,p
4839,p
4840,p
4841,p
4842,e
4843,p
4844,e
4845,p
4846,e
4847,p
4848,p
4849,p
4850,p
4851,p
4852,p
4853,p
4854,p
4855,p
4856,p
4857,p
4858,e
4859,e
4860,e
4861,p
4862,e
4863,p
4864,p
4865,p
4866,p
4867,p
4868,p
4869,p
4870,p
4871,e
4872,e
4873,p
4874,p
4875,p
4876,e
4877,p
4878,p
4879,p
4880,p
4881,p
4882,p
4883,p
4884,p
4885,p
4886,p
4887,p
4888,e
4889,p
4890,p
4891,p
4892,p
4893,p
4894,p
4895,p
4896,p
4897,p
4898,e
4899,e
4900,p
4901,p
4902,p
4903,p
4904,p
4905,p
4906,p
4907,p
4908,p
4909,p
4910,p
4911,e
4912,p
4913,p
4914,p
4915,p
4916,p
4917,p
4918,p
4919,p
4920,p
4921,p
4922,p
4923,e
4924,p
4925,p
4926,e
4927,p
4928,p
4929,p
4930,e
4931,e
4932,p
4933,p
4934,p
4935,p
4936,p
4937,p
4938,p
4939,e
4940,p
4941,p
4942,p
4943,p
4944,p
4945,e
4946,p
4947,p
4948,p
4949,p
4950,p
4951,e
4952,p
4953,p
4954,p
4955,p
4956,p
4957,p
4958,p
4959,p
4960,p
4961,p
4962,p
4963,p
4964,e
4965,e
4966,e
4967,p
4968,p
4969,p
4970,p
4971,p
4972,p
4973,p
4974,p
4975,p
4976,p
4977,p
4978,p
4979,p
4980,p
4981,p
4982,p
4983,p
4984,e
4985,p
4986,p
4987,p
4988,p
4989,p
4990,p
4991,p
4992,p
4993,e
4994,p
4995,p
4996,e
4997,p
4998,p
4999,p
5000,p
5001,p
5002,p
5003,p
5004,p
5005,e
5006,p
5007,p
5008,p
5009,p
5010,e
5011,p
5012,p
5013,p
5014,p
5015,e
5016,p
5017,p
5018,p
5019,p
5020,p
5021,p
5022,p
5023,e
5024,p
5025,p
5026,p
5027,p
5028,p
5029,p
5030,p
5031,p
5032,p
5033,p
5034,p
5035,p
5036,p
5037,p
5038,p
5039,p
5040,p
5041,p
5042,p
5043,p
5044,p
5045,p
5046,p
5047,p
5048,p
5049,p
5050,p
5051,p
5052,e
5053,e
5054,p
5055,p
5056,p
5057,p
5058,p
5059,p
5060,p
5061,p
5062,p
5063,p
5064,p
5065,p
5066,p
5067,p
5068,p
5069,p
5070,e
5071,e
5072,p
5073,p
5074,p
5075,p
5076,p
5077,p
5078,p
5079,e
5080,p
5081,p
5082,p
5083,p
5084,p
5085,p
5086,p
5087,e
5088,p
5089,p
5090,p
5091,p
5092,p
5093,p
5094,p
5095,p
5096,p
5097,p
5098,e
5099,p
5100,p
5101,e
5102,p
5103,p
5104,p
5105,p
5106,p
5107,p
5108,p
5109,e
5110,p
5111,p
5112,p
5113,e
5114,p
5115,p
5116,p
5117,e
5118,p
5119,p
5120,p
5121,p
5122,e
5123,p
5124,p
5125,p
5126,p
5127,p
5128,p
5129,p
5130,p
5131,p
5132,p
5133,p
5134,e
5135,e
5136,p
5137,p
5138,p
5139,p
5140,p
5141,p
5142,p
5143,p
5144,e
5145,p
5146,p
5147,p
5148,e
5149,p
5150,e
5151,e
5152,p
5153,p
5154,p
5155,p
5156,p
5157,p
5158,p
5159,p
5160,p
5161,p
5162,p
5163,e
5164,p
5165,p
5166,e
5167,p
5168,p
5169,e
5170,p
5171,p
5172,p
5173,p
5174,p
5175,e
5176,e
5177,p
5178,e
5179,e
5180,p
5181,p
5182,p
5183,p
5184,p
5185,e
5186,p
5187,p
5188,e
5189,p
5190,p
5191,p
5192,p
5193,e
5194,p
5195,p
5196,p
5197,e
5198,p
5199,p
5200,p
5201,p
5202,p
5203,p
5204,p
5205,p
5206,e
5207,p
5208,p
5209,p
5210,e
5211,p
5212,p
5213,p
5214,p
5215,p
5216,e
5217,p
5218,p
5219,e
5220,p
5221,e
5222,p
5223,e
5224,p
5225,p
5226,p
5227,p
5228,p
5229,p
5230,e
5231,e
5232,p
5233,e
5234,p
5235,p
5236,p
5237,p
5238,e
5239,p
5240,p
5241,p
5242,p
5243,e
5244,p
5245,p
5246,p
5247,p
5248,p
5249,p
5250,p
5251,p
5252,e
5253,p
5254,p
5255,p
5256,p
5257,e
5258,p
5259,p
5260,p
5261,p
5262,p
5263,p
5264,e
5265,p
5266,p
5267,p
5268,p
5269,e
5270,p
5271,e
5272,p
5273,e
5274,p
5275,p
5276,p
5277,p
5278,p
5279,p
5280,e
5281,p
5282,p
5283,e
5284,e
5285,e
5286,p
5287,p
5288,p
5289,p
5290,p
5291,e
5292,p
5293,p
5294,p
5295,e
5296,p
5297,p
5298,p
5299,e
5300,p
5301,p
5302,e
5303,p
5304,p
5305,p
5306,e
5307,p
5308,e
5309,e
5310,p
5311,p
5312,p
5313,e
5314,p
5315,p
5316,e
5317,p
5318,e
5319,p
5320,p
5321,p
5322,p
5323,p
5324,p
5325,e
5326,p
5327,p
5328,p
5329,p
5330,p
5331,p
5332,p
5333,p
5334,p
5335,e
5336,p
5337,p
5338,p
5339,p
5340,e
5341,p
5342,p
5343,p
5344,e
5345,e
5346,p
5347,p
5348,p
5349,p
5350,p
5351,e
5352,p
5353,p
5354,p
5355,p
5356,p
5357,p
5358,p
5359,p
5360,p
5361,p
5362,e
5363,p
5364,p
5365,p
5366,p
5367,p
5368,p
5369,p
5370,p
5371,e
5372,p
5373,p
5374,p
5375,p
5376,p
5377,p
5378,e
5379,p
5380,p
5381,p
5382,e
5383,p
5384,e
5385,e
5386,e
5387,e
5388,p
5389,e
5390,e
5391,p
5392,e
5393,p
5394,p
5395,p
5396,p
5397,p
5398,p
5399,p
5400,p
5401,e
5402,p
5403,p
5404,p
5405,p
5406,p
5407,p
5408,p
5409,p
5410,p
5411,p
5412,p
5413,e
5414,p
5415,e
5416,e
5417,e
5418,p
5419,p
5420,e
5421,e
5422,p
5423,p
5424,p
5425,p
5426,p
5427,p
5428,p
5429,p
5430,e
5431,p
5432,p
5433,p
5434,e
5435,p
5436,e
5437,p
5438,p
5439,p
5440,p
5441,p
5442,p
5443,e
5444,p
5445,p
5446,p
5447,p
5448,p
5449,p
5450,p
5451,p
5452,p
5453,p
5454,p
5455,p
5456,p
5457,p
5458,p
5459,p
5460,p
5461,p
5462,p
5463,e
5464,p
5465,p
5466,e
5467,p
5468,p
5469,p
5470,p
5471,p
5472,p
5473,p
5474,p
5475,p
5476,p
5477,p
5478,p
5479,e
5480,p
5481,e
5482,p
5483,p
5484,p
5485,p
5486,p
5487,e
5488,p
5489,p
5490,p
5491,p
5492,e
5493,p
5494,p
5495,p
5496,p
5497,e
5498,p
5499,p
5500,p
5501,p
5502,e
5503,e
5504,e
5505,p
5506,p
5507,p
5508,p
5509,p
5510,p
5511,p
5512,p
5513,p
5514,e
5515,e
5516,p
5517,p
5518,p
5519,p
5520,p
5521,p
5522,e
5523,p
5524,p
5525,e
5526,p
5527,p
5528,e
5529,p
5530,p
5531,p
5532,p
5533,p
5534,e
5535,p
5536,e
5537,e
5538,e
5539,p
5540,e
5541,p
5542,p
5543,p
5544,e
5545,p
5546,e
5547,e
5548,p
5549,p
5550,p
5551,e
5552,p
5553,e
5554,p
5555,p
5556,e
5557,e
5558,p
5559,p
5560,p
5561,p
5562,e
5563,e
5564,p
5565,p
5566,p
5567,p
5568,p
5569,e
5570,e
5571,p
5572,p
5573,p
5574,p
5575,p
5576,p
5577,p
5578,e
5579,p
5580,p
5581,p
5582,e
5583,p
5584,p
5585,p
5586,e
5587,p
5588,e
5589,p
5590,p
5591,p
5592,p
5593,p
5594,p
5595,p
5596,e
5597,p
5598,e
5599,e
5600,p
5601,e
5602,p
5603,p
5604,e
5605,p
5606,p
5607,p
5608,e
5609,p
5610,p
5611,p
5612,e
5613,p
5614,p
5615,p
5616,p
5617,p
5618,p
5619,e
5620,e
5621,p
5622,e
5623,e
5624,e
5625,p
5626,p
5627,p
5628,e
5629,p
5630,e
5631,p
5632,p
5633,p
5634,p
5635,p
5636,p
5637,p
5638,e
5639,p
5640,e
5641,p
5642,p
5643,p
5644,p
5645,e
5646,p
5647,p
5648,p
5649,e
5650,p
5651,p
5652,e
5653,e
5654,p
5655,p
5656,p
5657,p
5658,p
5659,p
5660,p
5661,e
5662,p
5663,p
5664,e
5665,p
5666,e
5667,p
5668,p
5669,e
5670,p
5671,p
5672,p
5673,p
5674,e
5675,p
5676,p
5677,p
5678,p
5679,e
5680,p
5681,e
5682,p
5683,e
5684,p
5685,p
5686,e
5687,e
5688,p
5689,p
5690,p
5691,e
5692,e
5693,p
5694,p
5695,e
5696,p
5697,p
5698,e
5699,p
5700,p
5701,p
5702,e
5703,p
5704,e
5705,p
5706,p
5707,p
5708,p
5709,p
5710,p
5711,e
5712,p
5713,p
5714,e
5715,e
5716,p
5717,p
5718,p
5719,p
5720,e
5721,p
5722,p
5723,p
5724,e
5725,p
5726,p
5727,e
5728,p
5729,p
5730,p
5731,e
5732,e
5733,e
5734,e
5735,p
5736,p
5737,e
5738,p
5739,p
5740,p
5741,e
5742,p
5743,e
5744,p
5745,p
5746,p
5747,p
5748,e
5749,p
5750,p
5751,p
5752,p
5753,p
5754,e
5755,p
5756,p
5757,e
5758,p
5759,p
5760,p
5761,p
5762,p
5763,p
5764,e
5765,p
5766,p
5767,e
5768,p
5769,e
5770,p
5771,p
5772,p
5773,e
5774,p
5775,p
5776,e
5777,e
5778,p
5779,e
5780,p
5781,e
5782,p
5783,p
5784,p
5785,p
5786,p
5787,e
5788,p
5789,p
5790,p
5791,p
5792,p
5793,p
5794,e
5795,p
5796,p
5797,p
5798,p
5799,p
5800,p
5801,p
5802,p
5803,p
5804,e
5805,p
5806,p
5807,e
5808,p
5809,p
5810,p
5811,p
5812,p
5813,p
5814,e
5815,p
5816,e
5817,p
5818,p
5819,p
5820,e
5821,p
5822,p
5823,e
5824,p
5825,p
5826,e
5827,p
5828,e
5829,p
5830,p
5831,p
5832,p
5833,p
5834,p
5835,e
5836,e
5837,p
5838,p
5839,e
5840,p
5841,p
5842,p
5843,p
5844,p
5845,p
5846,p
5847,e
5848,p
5849,e
5850,p
5851,p
5852,p
5853,p
5854,p
5855,p
5856,p
5857,p
5858,e
5859,e
5860,p
5861,e
5862,p
5863,e
5864,p
5865,e
5866,p
5867,p
5868,p
5869,p
5870,p
5871,p
5872,p
5873,p
5874,e
5875,e
5876,p
5877,p
5878,p
5879,p
5880,p
5881,p
5882,p
5883,e
5884,p
5885,p
5886,e
5887,p
5888,p
5889,p
5890,p
5891,p
5892,p
5893,e
5894,e
5895,e
5896,p
5897,p
5898,e
5899,p
5900,p
5901,p
5902,p
5903,e
5904,p
5905,p
5906,e
5907,e
5908,p
5909,p
5910,p
5911,p
5912,p
5913,e
5914,e
5915,p
5916,e
5917,e
5918,p
5919,p
5920,p
5921,p
5922,p
5923,p
5924,p
5925,p
5926,p
5927,p
5928,p
5929,p
5930,e
5931,p
5932,p
5933,p
5934,p
5935,p
5936,p
5937,e
5938,e
5939,e
5940,p
5941,p
5942,p
5943,p
5944,p
5945,p
5946,p
5947,p
5948,e
5949,e
5950,p
5951,p
5952,p
5953,e
5954,p
5955,p
5956,p
5957,p
5958,p
5959,p
5960,p
5961,e
5962,e
5963,p
5964,p
5965,p
5966,p
5967,p
5968,p
5969,p
5970,e
5971,p
5972,p
5973,p
5974,p
5975,p
5976,e
5977,p
5978,e
5979,p
5980,e
5981,p
5982,p
5983,p
5984,p
5985,p
5986,p
5987,p
5988,p
5989,p
5990,p
5991,p
5992,p
5993,p
5994,p
5995,p
5996,e
5997,e
5998,p
5999,p
6000,p
6001,p
6002,p
6003,p
6004,p
6005,p
6006,p
6007,p
6008,p
6009,p
6010,p
6011,p
6012,p
6013,p
6014,p
6015,p
6016,p
6017,p
6018,p
6019,p
6020,p
6021,p
6022,p
6023,p
6024,p
6025,p
6026,p
6027,p
6028,p
6029,p
6030,p
6031,p
6032,p
6033,p
6034,p
6035,p
6036,p
6037,p
6038,e
6039,p
6040,e
6041,p
6042,p
6043,p
6044,p
6045,p
6046,p
6047,p
6048,p
6049,p
6050,p
6051,p
6052,p
6053,p
6054,p
6055,p
6056,p
6057,p
6058,p
6059,p
6060,p
6061,p
6062,p
6063,p
6064,p
6065,p
6066,p
6067,p
6068,e
6069,p
6070,p
6071,p
6072,p
6073,p
6074,p
6075,p
6076,p
6077,p
6078,p
6079,p
6080,p
6081,p
6082,p
6083,p
6084,p
6085,p
6086,p
6087,p
6088,p
6089,p
6090,p
6091,p
6092,p
6093,p
6094,p
6095,p
6096,p
6097,p
6098,p
6099,p
6100,p
6101,p
6102,p
6103,p
6104,p
6105,p
6106,p
6107,p
6108,p
6109,p
6110,p
6111,p
6112,p
6113,p
6114,p
6115,p
6116,p
6117,p
6118,p
6119,p
6120,e
6121,p
6122,p
6123,p
6124,p
6125,p
6126,p
6127,p
6128,p
6129,p
6130,p
6131,p
6132,p
6133,p
6134,p
6135,p
6136,p
6137,p
6138,p
6139,p
6140,p
6141,p
6142,e
6143,p
6144,p
6145,p
6146,p
6147,e
6148,p
6149,p
6150,p
6151,p
6152,p
6153,p
6154,p
6155,p
6156,p
6157,p
6158,p
6159,p
6160,p
6161,p
6162,p
6163,p
6164,p
6165,p
6166,p
6167,p
6168,p
6169,p
6170,p
6171,p
6172,p
6173,p
6174,p
6175,p
6176,p
6177,p
6178,p
6179,p
6180,p
6181,p
6182,p
6183,p
6184,p
6185,p
6186,p
6187,p
6188,p
6189,p
6190,p
6191,p
6192,p
6193,p
6194,e
6195,p
6196,p
6197,p
6198,p
6199,p
6200,p
6201,p
6202,p
6203,e
6204,p
6205,p
6206,p
6207,p
6208,p
6209,p
6210,p
6211,p
6212,p
6213,p
6214,e
6215,p
6216,p
6217,p
6218,p
6219,e
6220,p
6221,p
6222,p
6223,p
6224,p
6225,p
6226,p
6227,p
6228,p
6229,p
6230,p
6231,p
6232,p
6233,p
6234,p
6235,p
6236,p
6237,p
6238,p
6239,p
6240,p
6241,p
6242,p
6243,p
6244,p
6245,p
6246,p
6247,p
6248,p
6249,p
6250,p
6251,p
6252,p
6253,p
6254,p
6255,p
6256,p
6257,p
6258,p
6259,p
6260,p
6261,e
6262,p
6263,p
6264,p
6265,p
6266,p
6267,p
6268,p
6269,p
6270,p
6271,p
6272,p
6273,p
6274,p
6275,p
6276,p
6277,p
6278,p
6279,e
6280,p
6281,p
6282,p
6283,p
6284,p
6285,p
6286,p
6287,p
6288,p
6289,p
6290,p
6291,p
6292,p
6293,p
6294,p
6295,p
6296,p
6297,p
6298,p
6299,p
6300,p
6301,p
6302,p
6303,p
6304,p
6305,p
6306,p
6307,p
6308,p
6309,p
6310,p
6311,p
6312,p
6313,p
6314,p
6315,p
6316,p
6317,p
6318,p
6319,p
6320,p
6321,p
6322,p
6323,p
6324,p
6325,p
6326,p
6327,p
6328,p
6329,p
6330,p
6331,e
6332,p
6333,p
6334,p
6335,p
6336,p
6337,p
6338,p
6339,p
6340,p
6341,p
6342,p
6343,p
6344,p
6345,p
6346,p
6347,p
6348,p
6349,p
6350,p
6351,p
6352,p
6353,p
6354,p
6355,p
6356,p
6357,p
6358,p
6359,p
6360,p
6361,p
6362,p
6363,p
6364,p
6365,p
6366,e
6367,p
6368,p
6369,p
6370,p
6371,p
6372,p
6373,p
6374,p
6375,e
6376,p
6377,p
6378,p
6379,p
6380,p
6381,p
6382,p
6383,p
6384,p
6385,p
6386,p
6387,p
6388,p
6389,p
6390,p
6391,p
6392,p
6393,p
6394,p
6395,p
6396,e
6397,p
6398,p
6399,p
6400,p
6401,p
6402,p
6403,e
6404,p
6405,p
6406,e
6407,p
6408,p
6409,p
6410,p
6411,p
6412,p
6413,p
6414,p
6415,p
6416,p
6417,p
6418,p
6419,p
6420,p
6421,p
6422,p
6423,p
6424,e
6425,p
6426,p
6427,p
6428,p
6429,p
6430,p
6431,p
6432,p
6433,p
6434,e
6435,p
6436,p
6437,p
6438,p
6439,p
6440,p
6441,p
6442,p
6443,p
6444,p
6445,p
6446,p
6447,p
6448,p
6449,e
6450,p
6451,p
6452,p
6453,p
6454,p
6455,p
6456,p
6457,p
6458,p
6459,p
6460,p
6461,p
6462,p
6463,p
6464,p
6465,p
6466,p
6467,p
6468,p
6469,p
6470,p
6471,p
6472,p
6473,p
6474,p
6475,p
6476,p
6477,p
6478,p
6479,p
6480,p
6481,p
6482,p
6483,p
6484,p
6485,p
6486,p
6487,p
6488,p
6489,p
6490,p
6491,p
6492,p
6493,p
6494,p
6495,p
6496,p
6497,p
6498,p
6499,p
6500,p
6501,p
6502,p
6503,p
6504,p
6505,p
6506,p
6507,p
6508,p
6509,e
6510,p
6511,p
6512,p
6513,p
6514,p
6515,p
6516,p
6517,e
6518,p
6519,p
6520,p
6521,p
6522,p
6523,p
6524,p
6525,p
6526,p
6527,p
6528,p
6529,p
6530,e
6531,p
6532,p
6533,p
6534,p
6535,p
6536,p
6537,p
6538,p
6539,p
6540,p
6541,p
6542,p
6543,p
6544,p
6545,p
6546,p
6547,p
6548,p
6549,p
6550,p
6551,p
6552,p
6553,p
6554,p
6555,p
6556,p
6557,p
6558,e
6559,p
6560,p
6561,p
6562,p
6563,p
6564,p
6565,p
6566,p
6567,p
6568,p
6569,p
6570,p
6571,p
6572,p
6573,p
6574,p
6575,p
6576,p
6577,p
6578,p
6579,p
6580,p
6581,p
6582,p
6583,p
6584,p
6585,p
6586,p
6587,p
6588,p
6589,p
6590,p
6591,p
6592,p
6593,p
6594,p
6595,p
6596,p
6597,p
6598,p
6599,e
6600,p
6601,p
6602,p
6603,p
6604,p
6605,p
6606,p
6607,p
6608,p
6609,p
6610,p
6611,p
6612,p
6613,p
6614,p
6615,p
6616,p
6617,p
6618,p
6619,p
6620,p
6621,p
6622,p
6623,p
6624,p
6625,p
6626,p
6627,p
6628,p
6629,p
6630,p
6631,p
6632,p
6633,p
6634,p
6635,p
6636,p
6637,p
6638,p
6639,p
6640,p
6641,p
6642,p
6643,p
6644,p
6645,p
6646,p
6647,p
6648,p
6649,p
6650,p
6651,p
6652,p
6653,p
6654,p
6655,p
6656,p
6657,p
6658,p
6659,p
6660,e
6661,p
6662,p
6663,e
6664,p
6665,p
6666,p
6667,p
6668,p
6669,p
6670,p
6671,p
6672,p
6673,p
6674,p
6675,p
6676,p
6677,p
6678,p
6679,p
6680,p
6681,p
6682,p
6683,p
6684,p
6685,p
6686,p
6687,p
6688,p
6689,p
6690,p
6691,p
6692,p
6693,p
6694,p
6695,p
6696,p
6697,p
6698,p
6699,p
6700,p
6701,p
6702,p
6703,p
6704,p
6705,p
6706,p
6707,p
6708,p
6709,p
6710,p
6711,p
6712,p
6713,p
6714,p
6715,p
6716,p
6717,p
6718,p
6719,p
6720,p
6721,p
6722,p
6723,p
6724,p
6725,p
6726,p
6727,p
6728,p
6729,p
6730,p
6731,p
6732,p
6733,p
6734,p
6735,p
6736,p
6737,p
6738,p
6739,p
6740,p
6741,p
6742,p
6743,p
6744,e
6745,p
6746,p
6747,p
6748,p
6749,p
6750,p
6751,p
6752,e
6753,p
6754,p
6755,p
6756,p
6757,p
6758,p
6759,p
6760,p
6761,p
6762,e
6763,e
6764,p
6765,p
6766,p
6767,p
6768,p
6769,p
6770,p
6771,p
6772,p
6773,p
6774,e
6775,p
6776,p
6777,p
6778,p
6779,p
6780,p
6781,p
6782,p
6783,p
6784,p
6785,p
6786,p
6787,p
6788,p
6789,p
6790,p
6791,p
6792,p
6793,p
6794,p
6795,p
6796,p
6797,p
6798,p
6799,p
6800,p
6801,p
6802,p
6803,p
6804,p
6805,p
6806,p
6807,p
6808,p
6809,p
6810,p
6811,p
6812,p
6813,p
6814,p
6815,p
6816,p
6817,p
6818,p
6819,p
6820,p
6821,p
6822,p
6823,p
6824,p
6825,p
6826,p
6827,e
6828,p
6829,p
6830,p
6831,p
6832,p
6833,p
6834,p
6835,p
6836,p
6837,p
6838,p
6839,p
6840,p
6841,p
6842,p
6843,p
6844,p
6845,p
6846,p
6847,p
6848,p
6849,e
6850,p
6851,p
6852,p
6853,p
6854,p
6855,p
6856,p
6857,p
6858,p
6859,p
6860,e
6861,p
6862,p
6863,p
6864,p
6865,p
6866,p
6867,p
6868,p
6869,p
6870,p
6871,p
6872,p
6873,p
6874,p
6875,p
6876,p
6877,p
6878,p
6879,p
6880,p
6881,p
6882,p
6883,p
6884,e
6885,p
6886,p
6887,p
6888,p
6889,p
6890,p
6891,p
6892,p
6893,p
6894,p
6895,p
6896,p
6897,p
6898,p
6899,p
6900,e
6901,p
6902,p
6903,p
6904,e
6905,e
6906,e
6907,e
6908,p
6909,p
6910,e
6911,p
6912,p
6913,p
6914,e
6915,p
6916,p
6917,p
6918,p
6919,p
6920,e
6921,p
6922,p
6923,p
6924,e
6925,p
6926,p
6927,e
6928,e
6929,p
6930,p
6931,p
6932,e
6933,p
6934,p
6935,p
6936,p
6937,e
6938,e
6939,p
6940,p
6941,e
6942,p
6943,p
6944,p
6945,p
6946,p
6947,p
6948,p
6949,p
6950,p
6951,p
6952,e
6953,p
6954,p
6955,p
6956,p
6957,p
6958,e
6959,p
6960,p
6961,p
6962,p
6963,p
6964,p
6965,p
6966,p
6967,e
6968,p
6969,p
6970,e
6971,p
6972,p
6973,p
6974,p
6975,e
6976,p
6977,p
6978,p
6979,p
6980,p
6981,p
6982,p
6983,p
6984,e
6985,p
6986,p
6987,p
6988,p
6989,e
6990,e
6991,p
6992,p
6993,p
6994,e
6995,p
6996,p
6997,e
6998,e
6999,e
7000,p
7001,p
7002,p
7003,e
7004,e
7005,e
7006,p
7007,p
7008,e
7009,e
7010,p
7011,e
7012,p
7013,p
7014,p
7015,e
7016,e
7017,p
7018,p
7019,e
7020,e
7021,p
7022,e
7023,p
7024,p
7025,e
7026,e
7027,p
7028,p
7029,p
7030,p
7031,p
7032,e
7033,e
7034,p
7035,e
7036,e
7037,e
7038,p
7039,e
7040,e
7041,e
7042,p
7043,p
7044,p
7045,p
7046,e
7047,p
7048,p
7049,p
7050,e
7051,e
7052,p
7053,p
7054,e
7055,p
7056,p
7057,p
7058,p
7059,p
7060,p
7061,p
7062,p
7063,e
7064,p
7065,p
7066,p
7067,e
7068,p
7069,p
7070,p
7071,p
7072,p
7073,e
7074,p
7075,p
7076,p
7077,p
7078,p
7079,e
7080,p
7081,p
7082,p
7083,p
7084,p
7085,p
7086,e
7087,p
7088,p
7089,e
7090,e
7091,p
7092,p
7093,p
7094,p
7095,p
7096,p
7097,p
7098,e
7099,p
7100,p
7101,p
7102,p
7103,e
7104,p
7105,p
7106,p
7107,p
7108,p
7109,p
7110,e
7111,p
7112,p
7113,p
7114,p
7115,p
7116,e
7117,p
7118,p
7119,e
7120,p
7121,p
7122,p
7123,e
7124,p
7125,p
7126,p
7127,p
7128,e
7129,p
7130,p
7131,p
7132,p
7133,e
7134,e
7135,e
7136,e
7137,p
7138,p
7139,p
7140,p
7141,e
7142,p
7143,e
7144,p
7145,p
7146,p
7147,p
7148,p
7149,p
7150,p
7151,p
7152,p
7153,e
7154,p
7155,p
7156,p
7157,p
7158,e
7159,p
7160,p
7161,p
7162,e
7163,p
7164,p
7165,p
7166,p
7167,e
7168,p
7169,p
7170,e
7171,p
7172,p
7173,e
7174,p
7175,p
7176,e
7177,p
7178,p
7179,p
7180,p
7181,e
7182,e
7183,e
7184,p
7185,e
7186,p
7187,p
7188,e
7189,p
7190,p
7191,p
7192,p
7193,p
7194,p
7195,e
7196,p
7197,p
7198,p
7199,p
7200,e
7201,p
7202,e
7203,p
7204,e
7205,e
7206,p
7207,p
7208,e
7209,p
7210,p
7211,e
7212,p
7213,p
7214,p
7215,p
7216,p
7217,e
7218,p
7219,p
7220,e
7221,e
7222,e
7223,p
7224,p
7225,p
7226,e
7227,p
7228,e
7229,e
7230,p
7231,e
7232,p
7233,e
7234,e
7235,e
7236,e
7237,p
7238,p
7239,e
7240,p
7241,p
7242,p
7243,p
7244,e
7245,e
7246,e
7247,p
7248,p
7249,p
7250,p
7251,e
7252,p
7253,e
7254,p
7255,e
7256,p
7257,p
7258,e
7259,p
7260,e
7261,p
7262,p
7263,e
7264,p
7265,p
7266,e
7267,p
7268,p
7269,p
7270,e
7271,e
7272,p
7273,e
7274,p
7275,p
7276,e
7277,p
7278,e
7279,p
7280,e
7281,e
7282,p
7283,p
7284,e
7285,p
7286,p
7287,p
7288,p
7289,p
7290,e
7291,p
7292,e
7293,e
7294,p
7295,p
7296,p
7297,p
7298,p
7299,e
7300,e
7301,e
7302,p
7303,p
7304,p
7305,e
7306,e
7307,p
7308,p
7309,e
7310,p
7311,e
7312,p
7313,p
7314,e
7315,e
7316,p
7317,p
7318,p
7319,e
7320,p
7321,p
7322,p
7323,p
7324,p
7325,e
7326,p
7327,e
7328,e
7329,e
7330,p
7331,p
7332,p
7333,p
7334,e
7335,e
7336,p
7337,p
7338,p
7339,p
7340,p
7341,p
7342,p
7343,p
7344,e
7345,p
7346,e
7347,p
7348,p
7349,e
7350,e
7351,p
7352,e
7353,e
7354,e
7355,p
7356,p
7357,p
7358,e
7359,e
7360,e
7361,e
7362,p
7363,p
7364,p
7365,p
7366,e
7367,p
7368,p
7369,p
7370,e
7371,p
7372,e
7373,e
7374,p
7375,e
7376,e
7377,e
7378,e
7379,p
7380,p
7381,p
7382,p
7383,p
7384,p
7385,e
7386,p
7387,p
7388,e
7389,p
7390,e
7391,e
7392,p
7393,p
7394,p
7395,p
7396,p
7397,p
7398,e
7399,p
7400,e
7401,p
7402,p
7403,p
7404,e
7405,e
7406,p
7407,e
7408,p
7409,p
7410,p
7411,e
7412,e
7413,e
7414,p
7415,e
7416,e
7417,p
7418,e
7419,p
7420,p
7421,p
7422,e
7423,p
7424,p
7425,e
7426,p
7427,p
7428,p
7429,p
7430,p
7431,p
7432,e
7433,p
7434,e
7435,p
7436,p
7437,e
7438,p
7439,e
7440,e
7441,p
7442,p
7443,e
7444,e
7445,e
7446,e
7447,p
7448,p
7449,e
7450,e
7451,p
7452,p
7453,p
7454,p
7455,e
7456,p
7457,p
7458,p
7459,e
7460,e
7461,p
7462,p
7463,e
7464,p
7465,p
7466,p
7467,e
7468,e
7469,p
7470,p
7471,p
7472,p
7473,p
7474,p
7475,p
7476,p
7477,p
7478,p
7479,e
7480,p
7481,e
7482,p
7483,p
7484,p
7485,p
7486,e
7487,p
7488,p
7489,p
7490,e
7491,p
7492,p
7493,p
7494,p
7495,p
7496,p
7497,p
7498,e
7499,e
7500,e
7501,p
7502,p
7503,p
7504,p
7505,p
7506,p
7507,p
7508,p
7509,p
7510,e
7511,p
7512,p
7513,e
7514,e
7515,p
7516,e
7517,p
7518,p
7519,p
7520,p
7521,p
7522,e
7523,e
7524,e
7525,p
7526,e
7527,p
7528,e
7529,e
7530,p
7531,e
7532,e
7533,e
7534,e
7535,e
7536,p
7537,e
7538,p
7539,p
7540,e
7541,e
7542,e
7543,e
7544,p
7545,p
7546,p
7547,e
7548,e
7549,p
7550,e
7551,p
7552,e
7553,p
7554,p
7555,e
7556,p
7557,p
7558,e
7559,e
7560,e
7561,e
7562,p
7563,p
7564,e
7565,p
7566,e
7567,p
7568,p
7569,p
7570,e
7571,p
7572,p
7573,e
7574,p
7575,p
7576,e
7577,p
7578,p
7579,p
7580,p
7581,e
7582,p
7583,p
7584,e
7585,e
7586,e
7587,p
7588,p
7589,p
7590,e
7591,p
7592,p
7593,e
7594,p
7595,p
7596,p
7597,e
7598,p
7599,p
7600,p
7601,p
7602,e
7603,p
7604,e
7605,p
7606,p
7607,p
7608,p
7609,e
7610,e
7611,p
7612,e
7613,p
7614,p
7615,e
7616,p
7617,e
7618,p
7619,p
7620,p
7621,p
7622,e
7623,e
7624,p
7625,p
7626,e
7627,e
7628,p
7629,p
7630,e
7631,e
7632,e
7633,p
7634,p
7635,p
7636,e
7637,p
7638,p
7639,p
7640,e
7641,e
7642,e
7643,e
7644,e
7645,p
7646,p
7647,p
7648,p
7649,e
7650,e
7651,e
7652,e
7653,p
7654,p
7655,p
7656,p
7657,p
7658,e
7659,e
7660,p
7661,p
7662,e
7663,p
7664,e
7665,e
7666,p
7667,p
7668,p
7669,p
7670,p
7671,e
7672,p
7673,e
7674,e
7675,p
7676,p
7677,p
7678,e
7679,p
7680,e
7681,p
7682,e
7683,p
7684,p
7685,e
7686,p
7687,p
7688,e
7689,e
7690,p
7691,p
7692,e
7693,p
7694,p
7695,p
7696,p
7697,p
7698,e
7699,e
7700,p
7701,e
7702,e
7703,p
7704,e
7705,e
7706,p
7707,p
7708,p
7709,p
7710,e
7711,p
7712,e
7713,p
7714,p
7715,p
7716,e
7717,e
7718,p
7719,p
7720,e
7721,e
7722,p
7723,e
7724,e
7725,e
7726,p
7727,p
7728,p
7729,e
7730,p
7731,p
7732,p
7733,p
7734,p
7735,p
7736,e
7737,e
7738,p
7739,p
7740,e
7741,e
7742,p
7743,e
7744,e
7745,e
7746,e
7747,e
7748,e
7749,e
7750,p
7751,p
7752,e
7753,e
7754,p
7755,p
7756,p
7757,p
7758,p
7759,e
7760,p
7761,e
7762,e
7763,e
7764,p
7765,e
7766,p
7767,p
7768,p
7769,e
7770,p
7771,p
7772,e
7773,p
7774,p
7775,p
7776,e
7777,e
7778,p
7779,e
7780,p
7781,p
7782,e
7783,e
7784,p
7785,p
7786,p
7787,p
7788,e
7789,p
7790,e
7791,e
7792,p
7793,p
7794,p
7795,e
7796,p
7797,e
7798,p
7799,p
7800,p
7801,p
7802,p
7803,e
7804,p
7805,p
7806,p
7807,e
7808,p
7809,e
7810,e
7811,e
7812,p
7813,e
7814,e
7815,p
7816,p
7817,e
7818,e
7819,p
7820,p
7821,p
7822,p
7823,e
7824,p
7825,e
7826,p
7827,p
7828,e
7829,e
7830,e
7831,e
7832,p
7833,e
7834,e
7835,p
7836,e
7837,p
7838,e
7839,p
7840,e
7841,p
7842,e
7843,e
7844,e
7845,e
7846,p
7847,e
7848,p
7849,p
7850,p
7851,p
7852,p
7853,p
7854,e
7855,p
7856,p
7857,p
7858,e
7859,e
7860,e
7861,p
7862,p
7863,p
7864,p
7865,p
7866,e
7867,e
7868,p
7869,p
7870,e
7871,e
7872,e
7873,p
7874,p
7875,p
7876,p
7877,p
7878,e
7879,p
7880,p
7881,p
7882,e
7883,p
7884,p
7885,p
7886,e
7887,e
7888,p
7889,p
7890,e
7891,p
7892,p
7893,e
7894,e
7895,e
7896,p
7897,p
7898,e
7899,p
7900,e
7901,p
7902,p
7903,p
7904,e
7905,e
7906,p
7907,e
7908,p
7909,e
7910,p
7911,e
7912,e
7913,e
7914,p
7915,e
7916,e
7917,p
7918,e
7919,e
7920,p
7921,e
7922,e
7923,p
7924,p
7925,p
7926,p
7927,e
7928,p
7929,e
7930,p
7931,e
7932,p
7933,e
7934,p
7935,p
7936,p
7937,e
7938,e
7939,e
7940,e
7941,p
7942,p
7943,p
7944,e
7945,e
7946,e
7947,p
7948,p
7949,p
7950,p
7951,p
7952,e
7953,e
7954,e
7955,e
7956,e
7957,e
7958,e
7959,p
7960,e
7961,p
7962,p
7963,p
7964,e
7965,e
7966,e
7967,p
7968,p
7969,p
7970,e
7971,e
7972,e
7973,p
7974,e
7975,e
7976,e
7977,e
7978,p
7979,e
7980,p
7981,p
7982,p
7983,e
7984,e
7985,e
7986,e
7987,p
7988,e
7989,p
7990,p
7991,e
7992,p
7993,e
7994,e
7995,p
7996,e
7997,p
7998,p
7999,e
8000,e
8001,e
8002,e
8003,e
8004,p
8005,p
8006,p
8007,p
8008,p
8009,e
8010,e
8011,e
8012,p
8013,e
8014,e
8015,e
8016,p
8017,e
8018,e
8019,e
8020,p
8021,p
8022,p
8023,p
8024,p
8025,e
8026,e
8027,p
8028,p
8029,e
8030,e
8031,p
8032,p
8033,p
8034,e
8035,e
8036,e
8037,p
8038,e
8039,p
8040,e
8041,p
8042,e
8043,e
8044,e
8045,p
8046,e
8047,p
8048,p
8049,p
8050,p
8051,e
8052,e
8053,p
8054,e
8055,e
8056,e
8057,e
8058,p
8059,p
8060,p
8061,p
8062,p
8063,e
8064,p
8065,e
8066,p
8067,e
8068,e
8069,e
8070,p
8071,e
8072,p
8073,e
8074,e
8075,e
8076,e
8077,e
8078,e
8079,p
8080,p
8081,p
8082,p
8083,p
8084,e
8085,e
8086,e
8087,p
8088,e
8089,p
8090,p
8091,p
8092,p
8093,p
8094,e
8095,p
8096,e
8097,p
8098,p
8099,e
8100,e
8101,p
8102,e
8103,e
8104,e
8105,e
8106,e
8107,e
8108,p
8109,e
8110,e
8111,e
8112,e
8113,p
8114,p
8115,e
8116,p
8117,p
8118,p
8119,e
8120,e
8121,e
8122,p
8123,e
