,quality
0,6
1,6
2,6
3,6
4,6
5,6
6,6
7,6
8,6
9,6
10,5
11,5
12,5
13,7
14,5
15,7
16,6
17,8
18,6
19,5
20,8
21,7
22,8
23,5
24,6
25,6
26,6
27,6
28,6
29,7
30,6
31,6
32,6
33,6
34,5
35,5
36,5
37,6
38,5
39,5
40,6
41,6
42,6
43,6
44,6
45,7
46,4
47,5
48,6
49,5
50,6
51,7
52,7
53,6
54,6
55,6
56,6
57,6
58,6
59,6
60,6
61,6
62,5
63,6
64,6
65,5
66,7
67,5
68,8
69,5
70,6
71,5
72,5
73,6
74,8
75,5
76,7
77,7
78,5
79,5
80,6
81,6
82,5
83,6
84,5
85,6
86,6
87,6
88,5
89,6
90,6
91,5
92,7
93,7
94,7
95,6
96,6
97,7
98,4
99,6
100,5
101,5
102,5
103,5
104,5
105,6
106,5
107,6
108,6
109,5
110,6
111,5
112,5
113,5
114,5
115,4
116,6
117,6
118,5
119,5
120,5
121,5
122,5
123,6
124,6
125,6
126,5
127,7
128,7
129,6
130,5
131,7
132,5
133,5
134,5
135,5
136,6
137,5
138,7
139,6
140,5
141,5
142,6
143,6
144,6
145,6
146,6
147,4
148,7
149,6
150,7
151,6
152,6
153,5
154,6
155,6
156,6
157,7
158,8
159,8
160,7
161,5
162,5
163,6
164,5
165,5
166,6
167,7
168,5
169,5
170,6
171,6
172,4
173,7
174,5
175,6
176,4
177,5
178,4
179,6
180,6
181,5
182,5
183,6
184,5
185,5
186,6
187,5
188,8
189,4
190,6
191,5
192,6
193,5
194,5
195,6
196,5
197,5
198,5
199,5
200,5
201,5
202,5
203,6
204,4
205,5
206,5
207,4
208,5
209,6
210,5
211,7
212,5
213,6
214,7
215,5
216,5
217,5
218,5
219,5
220,5
221,6
222,7
223,6
224,6
225,5
226,6
227,6
228,6
229,5
230,4
231,6
232,6
233,6
234,6
235,6
236,6
237,6
238,7
239,6
240,5
241,5
242,7
243,6
244,5
245,6
246,7
247,7
248,7
249,5
250,4
251,3
252,5
253,3
254,6
255,8
256,7
257,7
258,6
259,4
260,6
261,5
262,5
263,6
264,6
265,5
266,6
267,5
268,6
269,6
270,6
271,5
272,5
273,5
274,5
275,6
276,6
277,5
278,4
279,7
280,8
281,8
282,4
283,5
284,5
285,5
286,6
287,7
288,7
289,7
290,7
291,6
292,5
293,7
294,3
295,6
296,5
297,7
298,6
299,6
300,6
301,6
302,6
303,6
304,6
305,6
306,5
307,6
308,7
309,6
310,7
311,8
312,6
313,6
314,5
315,6
316,6
317,5
318,7
319,6
320,7
321,5
322,6
323,6
324,5
325,5
326,6
327,6
328,6
329,5
330,8
331,5
332,6
333,5
334,5
335,6
336,6
337,6
338,5
339,7
340,7
341,6
342,6
343,5
344,6
345,6
346,7
347,6
348,6
349,5
350,7
351,7
352,6
353,7
354,6
355,6
356,6
357,6
358,6
359,6
360,6
361,5
362,6
363,6
364,7
365,7
366,6
367,6
368,6
369,5
370,6
371,6
372,5
373,6
374,7
375,7
376,7
377,7
378,6
379,7
380,7
381,6
382,6
383,6
384,7
385,7
386,7
387,5
388,6
389,7
390,7
391,5
392,6
393,6
394,5
395,5
396,5
397,6
398,5
399,6
400,6
401,5
402,5
403,5
404,6
405,5
406,7
407,5
408,6
409,5
410,6
411,6
412,5
413,5
414,6
415,6
416,6
417,5
418,6
419,6
420,7
421,6
422,6
423,6
424,7
425,6
426,6
427,5
428,5
429,5
430,5
431,5
432,7
433,4
434,8
435,7
436,5
437,8
438,7
439,5
440,7
441,6
442,8
443,6
444,6
445,3
446,5
447,6
448,6
449,7
450,5
451,5
452,7
453,7
454,7
455,6
456,7
457,5
458,6
459,5
460,5
461,5
462,5
463,6
464,5
465,5
466,6
467,6
468,5
469,5
470,6
471,5
472,6
473,7
474,6
475,5
476,7
477,6
478,6
479,6
480,5
481,6
482,5
483,5
484,5
485,6
486,6
487,6
488,6
489,6
490,6
491,7
492,6
493,6
494,6
495,6
496,4
497,6
498,5
499,4
500,6
501,6
502,6
503,5
504,6
505,6
506,5
507,7
508,6
509,7
510,6
511,6
512,6
513,6
514,7
515,6
516,5
517,6
518,6
519,5
520,5
521,5
522,6
523,6
524,5
525,6
526,4
527,6
528,6
529,6
530,6
531,5
532,6
533,6
534,6
535,5
536,5
537,6
538,5
539,6
540,4
541,5
542,6
543,6
544,6
545,6
546,6
547,6
548,7
549,5
550,7
551,7
552,7
553,7
554,7
555,7
556,5
557,6
558,5
559,6
560,7
561,5
562,6
563,7
564,5
565,6
566,6
567,5
568,6
569,6
570,5
571,7
572,5
573,7
574,7
575,6
576,6
577,7
578,7
579,7
580,5
581,5
582,6
583,6
584,7
585,6
586,6
587,7
588,7
589,6
590,5
591,6
592,5
593,5
594,5
595,7
596,5
597,6
598,8
599,7
600,6
601,6
602,5
603,5
604,6
605,6
606,5
607,5
608,5
609,6
610,8
611,6
612,5
613,5
614,5
615,5
616,7
617,6
618,6
619,6
620,5
621,5
622,6
623,5
624,5
625,8
626,4
627,6
628,6
629,6
630,5
631,5
632,6
633,5
634,6
635,6
636,7
637,5
638,5
639,5
640,7
641,4
642,6
643,5
644,5
645,5
646,4
647,6
648,5
649,7
650,7
651,7
652,7
653,6
654,7
655,6
656,6
657,5
658,5
659,4
660,5
661,7
662,4
663,5
664,6
665,5
666,6
667,6
668,6
669,5
670,6
671,6
672,8
673,6
674,5
675,6
676,6
677,7
678,7
679,7
680,5
681,5
682,6
683,5
684,5
685,5
686,7
687,4
688,6
689,7
690,4
691,6
692,5
693,5
694,6
695,5
696,6
697,5
698,5
699,5
700,5
701,7
702,4
703,6
704,6
705,5
706,5
707,6
708,6
709,5
710,5
711,6
712,6
713,5
714,6
715,7
716,6
717,5
718,7
719,7
720,5
721,5
722,6
723,8
724,7
725,5
726,7
727,5
728,5
729,5
730,6
731,6
732,7
733,6
734,5
735,6
736,6
737,5
738,7
739,6
740,3
741,6
742,6
743,5
744,5
745,6
746,6
747,6
748,6
749,6
750,6
751,6
752,6
753,6
754,5
755,7
756,5
757,6
758,7
759,7
760,6
761,6
762,5
763,6
764,6
765,6
766,5
767,6
768,7
769,7
770,7
771,7
772,7
773,5
774,9
775,6
776,6
777,5
778,7
779,8
780,4
781,6
782,7
783,8
784,5
785,6
786,6
787,6
788,7
789,6
790,6
791,7
792,5
793,7
794,5
795,5
796,6
797,6
798,6
799,8
800,6
801,5
802,5
803,7
804,6
805,6
806,5
807,6
808,6
809,6
810,5
811,6
812,7
813,6
814,6
815,5
816,5
817,5
818,5
819,5
820,9
821,6
822,5
823,6
824,5
825,6
826,6
827,9
828,7
829,7
830,6
831,4
832,8
833,6
834,6
835,8
836,8
837,8
838,8
839,7
840,7
841,7
842,7
843,7
844,8
845,8
846,5
847,5
848,7
849,6
850,7
851,5
852,7
853,5
854,7
855,7
856,5
857,5
858,7
859,5
860,8
861,7
862,6
863,6
864,5
865,6
866,7
867,8
868,7
869,6
870,5
871,5
872,6
873,3
874,5
875,7
876,9
877,6
878,6
879,8
880,7
881,6
882,6
883,6
884,6
885,7
886,6
887,7
888,6
889,7
890,6
891,7
892,5
893,7
894,7
895,6
896,6
897,6
898,6
899,6
900,7
901,6
902,5
903,6
904,8
905,4
906,4
907,8
908,4
909,5
910,5
911,5
912,5
913,5
914,4
915,5
916,7
917,6
918,6
919,7
920,7
921,6
922,6
923,6
924,8
925,5
926,5
927,7
928,5
929,5
930,7
931,5
932,6
933,5
934,5
935,5
936,5
937,5
938,6
939,7
940,5
941,6
942,7
943,7
944,7
945,7
946,5
947,5
948,4
949,5
950,5
951,6
952,6
953,5
954,6
955,5
956,5
957,7
958,7
959,6
960,6
961,7
962,6
963,6
964,6
965,5
966,6
967,6
968,7
969,7
970,7
971,7
972,6
973,7
974,6
975,5
976,6
977,5
978,7
979,5
980,6
981,7
982,6
983,6
984,5
985,6
986,6
987,6
988,5
989,7
990,6
991,4
992,5
993,4
994,6
995,6
996,5
997,6
998,6
999,7
1000,7
1001,5
1002,6
1003,7
1004,6
1005,6
1006,6
1007,5
1008,7
1009,6
1010,6
1011,7
1012,6
1013,5
1014,5
1015,5
1016,5
1017,6
1018,6
1019,6
1020,7
1021,7
1022,8
1023,6
1024,6
1025,6
1026,6
1027,4
1028,7
1029,4
1030,6
1031,6
1032,6
1033,6
1034,3
1035,6
1036,5
1037,5
1038,7
1039,5
1040,4
1041,5
1042,4
1043,5
1044,7
1045,5
1046,5
1047,5
1048,5
1049,6
1050,5
1051,6
1052,5
1053,4
1054,5
1055,5
1056,6
1057,5
1058,6
1059,4
1060,7
1061,5
1062,5
1063,5
1064,6
1065,5
1066,6
1067,7
1068,7
1069,6
1070,7
1071,5
1072,7
1073,5
1074,6
1075,7
1076,6
1077,5
1078,5
1079,6
1080,7
1081,6
1082,6
1083,6
1084,7
1085,5
1086,8
1087,8
1088,6
1089,7
1090,6
1091,6
1092,6
1093,7
1094,5
1095,8
1096,6
1097,7
1098,6
1099,7
1100,6
1101,6
1102,5
1103,5
1104,5
1105,7
1106,8
1107,7
1108,7
1109,4
1110,7
1111,6
1112,6
1113,5
1114,4
1115,8
1116,5
1117,5
1118,5
1119,5
1120,6
1121,6
1122,7
1123,5
1124,5
1125,6
1126,7
1127,7
1128,5
1129,7
1130,6
1131,6
1132,5
1133,5
1134,5
1135,6
1136,8
1137,8
1138,5
1139,5
1140,6
1141,5
1142,5
1143,5
1144,5
1145,5
1146,5
1147,5
1148,6
1149,5
1150,5
1151,5
1152,4
1153,6
1154,4
1155,4
1156,6
1157,6
1158,6
1159,6
1160,6
1161,6
1162,7
1163,6
1164,6
1165,5
1166,5
1167,6
1168,5
1169,6
1170,6
1171,5
1172,6
1173,5
1174,6
1175,5
1176,7
1177,6
1178,5
1179,5
1180,5
1181,6
1182,5
1183,6
1184,7
1185,5
1186,5
1187,8
1188,6
1189,5
1190,6
1191,7
1192,6
1193,7
1194,6
1195,6
1196,7
1197,7
1198,6
1199,7
1200,6
1201,7
1202,5
1203,6
1204,6
1205,5
1206,6
1207,5
1208,6
1209,6
1210,6
1211,5
1212,6
1213,6
1214,6
1215,5
1216,8
1217,5
1218,8
1219,8
1220,6
1221,7
1222,6
1223,5
1224,7
1225,6
1226,7
1227,5
1228,6
1229,3
1230,6
1231,7
1232,7
1233,6
1234,6
1235,5
1236,6
1237,5
1238,7
1239,5
1240,6
1241,7
1242,7
1243,7
1244,5
1245,4
1246,7
1247,6
1248,7
1249,5
1250,7
1251,5
1252,6
1253,7
1254,5
1255,6
1256,6
1257,6
1258,6
1259,6
1260,6
1261,6
1262,6
1263,6
1264,5
1265,7
1266,8
1267,7
1268,5
1269,6
1270,7
1271,5
1272,5
1273,5
1274,6
1275,6
1276,7
1277,5
1278,6
1279,6
1280,6
1281,7
1282,5
1283,8
1284,7
1285,6
1286,7
1287,7
1288,7
1289,6
1290,6
1291,6
1292,6
1293,4
1294,4
1295,6
1296,6
1297,7
1298,6
1299,5
1300,6
1301,5
1302,6
1303,6
1304,5
1305,7
1306,8
1307,5
1308,6
1309,6
1310,6
1311,6
1312,5
1313,5
1314,6
1315,6
1316,6
1317,5
1318,6
1319,5
1320,6
1321,6
1322,6
1323,5
1324,6
1325,7
1326,6
1327,6
1328,6
1329,5
1330,5
1331,6
1332,7
1333,8
1334,6
1335,6
1336,8
1337,5
1338,5
1339,6
1340,6
1341,5
1342,6
1343,6
1344,8
1345,8
1346,7
1347,7
1348,8
1349,4
1350,7
1351,7
1352,6
1353,5
1354,5
1355,5
1356,6
1357,6
1358,8
1359,7
1360,6
1361,7
1362,7
1363,4
1364,5
1365,7
1366,6
1367,5
1368,6
1369,5
1370,6
1371,7
1372,6
1373,6
1374,7
1375,7
1376,6
1377,6
1378,7
1379,6
1380,7
1381,7
1382,6
1383,6
1384,6
1385,5
1386,7
1387,6
1388,7
1389,6
1390,6
1391,6
1392,6
1393,6
1394,7
1395,7
1396,7
1397,7
1398,7
1399,6
1400,7
1401,6
1402,8
1403,8
1404,5
1405,4
1406,8
1407,6
1408,7
1409,6
1410,6
1411,6
1412,8
1413,6
1414,6
1415,5
1416,6
1417,3
1418,5
1419,7
1420,4
1421,6
1422,5
1423,4
1424,6
1425,6
1426,6
1427,5
1428,7
1429,5
1430,4
1431,5
1432,7
1433,6
1434,5
1435,5
1436,5
1437,7
1438,5
1439,5
1440,5
1441,5
1442,5
1443,6
1444,6
1445,6
1446,6
1447,6
1448,6
1449,6
1450,6
1451,5
1452,6
1453,7
1454,5
1455,5
1456,6
1457,6
1458,6
1459,6
1460,6
1461,6
1462,6
1463,6
1464,8
1465,5
1466,6
1467,7
1468,5
1469,5
1470,7
1471,6
1472,5
1473,6
1474,4
1475,6
1476,5
1477,6
1478,6
1479,6
1480,6
1481,6
1482,6
1483,4
1484,3
1485,6
1486,6
1487,6
1488,6
1489,5
1490,6
1491,5
1492,5
1493,8
1494,8
1495,7
1496,5
1497,7
1498,6
1499,6
1500,7
1501,5
1502,5
1503,7
1504,8
1505,7
1506,6
1507,6
1508,6
1509,5
1510,5
1511,6
1512,7
1513,6
1514,7
1515,6
1516,6
1517,6
1518,6
1519,5
1520,6
1521,5
1522,5
1523,6
1524,6
1525,5
1526,6
1527,6
1528,6
1529,6
1530,5
1531,7
1532,7
1533,6
1534,6
1535,6
1536,5
1537,6
1538,6
1539,6
1540,6
1541,4
1542,6
1543,6
1544,5
1545,6
1546,6
1547,6
1548,6
1549,6
1550,6
1551,6
1552,7
1553,7
1554,7
1555,7
1556,6
1557,6
1558,4
1559,4
1560,6
1561,5
1562,7
1563,6
1564,5
1565,6
1566,5
1567,5
1568,6
1569,5
1570,5
1571,6
1572,6
1573,5
1574,4
1575,6
1576,6
1577,4
1578,5
1579,4
1580,5
1581,6
1582,7
1583,5
1584,6
1585,5
1586,5
1587,6
1588,5
1589,6
1590,6
1591,6
1592,6
1593,6
1594,6
1595,6
1596,5
1597,6
1598,6
1599,6
1600,6
1601,6
1602,5
1603,7
1604,5
1605,9
1606,6
1607,7
1608,5
1609,7
1610,6
1611,6
1612,7
1613,7
1614,5
1615,6
1616,6
1617,6
1618,6
1619,8
1620,7
1621,5
1622,6
1623,6
1624,7
1625,6
1626,6
1627,5
1628,6
1629,6
1630,5
1631,6
1632,8
1633,7
1634,6
1635,6
1636,5
1637,6
1638,5
1639,5
1640,5
1641,6
1642,7
1643,7
1644,7
1645,7
1646,6
1647,7
1648,5
1649,4
1650,7
1651,6
1652,4
1653,6
1654,5
1655,5
1656,5
1657,6
1658,5
1659,5
1660,6
1661,6
1662,7
1663,6
1664,4
1665,8
1666,5
1667,6
1668,7
1669,6
1670,6
1671,7
1672,5
1673,5
1674,6
1675,5
1676,7
1677,6
1678,6
1679,5
1680,5
1681,6
1682,7
1683,7
1684,7
1685,7
1686,5
1687,7
1688,3
1689,6
1690,4
1691,7
1692,6
1693,5
1694,6
1695,6
1696,6
1697,6
1698,6
1699,6
1700,6
1701,5
1702,4
1703,5
1704,5
1705,6
1706,6
1707,5
1708,4
1709,5
1710,5
1711,5
1712,6
1713,6
1714,5
1715,8
1716,6
1717,6
1718,4
1719,6
1720,7
1721,7
1722,6
1723,8
1724,6
1725,6
1726,6
1727,6
1728,5
1729,6
1730,6
1731,6
1732,5
1733,6
1734,6
1735,6
1736,5
1737,6
1738,5
1739,4
1740,6
1741,6
1742,6
1743,6
1744,5
1745,5
1746,5
1747,6
1748,5
1749,6
1750,6
1751,7
1752,6
1753,7
1754,6
1755,6
1756,5
1757,5
1758,5
1759,5
1760,6
1761,6
1762,7
1763,6
1764,5
1765,5
1766,5
1767,5
1768,5
1769,7
1770,6
1771,6
1772,6
1773,6
1774,6
1775,6
1776,5
1777,6
1778,8
1779,8
1780,5
1781,4
1782,6
1783,6
1784,7
1785,6
1786,7
1787,7
1788,5
1789,7
1790,5
1791,5
1792,6
1793,5
1794,5
1795,6
1796,5
1797,8
1798,6
1799,6
1800,6
1801,5
1802,6
1803,6
1804,6
1805,5
1806,5
1807,6
1808,5
1809,6
1810,6
1811,5
1812,6
1813,6
1814,7
1815,6
1816,7
1817,4
1818,6
1819,6
1820,6
1821,5
1822,7
1823,6
1824,5
1825,5
1826,5
1827,6
1828,6
1829,7
1830,7
1831,7
1832,7
1833,7
1834,6
1835,5
1836,6
1837,7
1838,6
1839,6
1840,5
1841,7
1842,6
1843,6
1844,6
1845,5
1846,5
1847,5
1848,5
1849,6
1850,7
1851,6
1852,7
1853,5
1854,7
1855,6
1856,4
1857,5
1858,5
1859,6
1860,6
1861,6
1862,7
1863,5
1864,6
1865,6
1866,6
1867,6
1868,7
1869,7
1870,6
1871,6
1872,5
1873,5
1874,5
1875,5
1876,6
1877,6
1878,6
1879,6
1880,5
1881,6
1882,5
1883,5
1884,5
1885,6
1886,5
1887,5
1888,5
1889,5
1890,5
1891,5
1892,5
1893,5
1894,5
1895,6
1896,6
1897,6
1898,6
1899,7
1900,6
1901,5
1902,6
1903,5
1904,6
1905,6
1906,5
1907,7
1908,7
1909,5
1910,5
1911,6
1912,6
1913,6
1914,6
1915,7
1916,5
1917,6
1918,6
1919,6
1920,7
1921,5
1922,5
1923,5
1924,4
1925,6
1926,6
1927,5
1928,6
1929,5
1930,6
1931,3
1932,6
1933,5
1934,6
1935,5
1936,6
1937,7
1938,5
1939,5
1940,5
1941,5
1942,5
1943,5
1944,5
1945,6
1946,6
1947,5
1948,7
1949,5
1950,5
1951,4
1952,7
1953,6
1954,5
1955,5
1956,5
1957,6
1958,6
1959,5
1960,5
1961,5
1962,5
1963,6
1964,5
1965,6
1966,6
1967,7
1968,6
1969,7
1970,6
1971,7
1972,5
1973,5
1974,5
1975,6
1976,5
1977,6
1978,6
1979,6
1980,8
1981,8
1982,8
1983,8
1984,8
1985,6
1986,6
1987,5
1988,6
1989,7
1990,4
1991,8
1992,5
1993,6
1994,6
1995,6
1996,6
1997,6
1998,6
1999,6
2000,5
2001,5
2002,6
2003,6
2004,6
2005,6
2006,6
2007,6
2008,5
2009,7
2010,6
2011,5
2012,5
2013,6
2014,5
2015,6
2016,7
2017,5
2018,7
2019,6
2020,6
2021,6
2022,6
2023,6
2024,5
2025,5
2026,5
2027,5
2028,6
2029,6
2030,6
2031,5
2032,6
2033,5
2034,5
2035,5
2036,6
2037,5
2038,5
2039,5
2040,6
2041,5
2042,6
2043,6
2044,6
2045,5
2046,5
2047,5
2048,5
2049,7
2050,3
2051,5
2052,5
2053,5
2054,5
2055,6
2056,5
2057,7
2058,5
2059,5
2060,5
2061,6
2062,5
2063,5
2064,6
2065,5
2066,5
2067,5
2068,6
2069,7
2070,6
2071,6
2072,5
2073,5
2074,6
2075,5
2076,5
2077,6
2078,6
2079,4
2080,5
2081,5
2082,6
2083,5
2084,6
2085,6
2086,5
2087,6
2088,6
2089,6
2090,5
2091,5
2092,5
2093,5
2094,5
2095,5
2096,5
2097,5
2098,6
2099,5
2100,5
2101,6
2102,5
2103,5
2104,5
2105,5
2106,5
2107,6
2108,6
2109,6
2110,5
2111,5
2112,5
2113,5
2114,6
2115,5
2116,4
2117,5
2118,6
2119,4
2120,5
2121,7
2122,5
2123,5
2124,7
2125,5
2126,5
2127,5
2128,6
2129,5
2130,5
2131,6
2132,6
2133,6
2134,6
2135,5
2136,6
2137,5
2138,5
2139,5
2140,5
2141,5
2142,5
2143,7
2144,6
2145,6
2146,6
2147,5
2148,5
2149,6
2150,6
2151,5
2152,6
2153,6
2154,4
2155,5
2156,4
2157,6
2158,6
2159,4
2160,6
2161,7
2162,6
2163,6
2164,5
2165,5
2166,5
2167,7
2168,7
2169,7
2170,7
2171,7
2172,5
2173,5
2174,7
2175,7
2176,5
2177,7
2178,5
2179,6
2180,6
2181,6
2182,5
2183,5
2184,6
2185,7
2186,5
2187,5
2188,6
2189,6
2190,6
2191,5
2192,6
2193,6
2194,6
2195,5
2196,6
2197,6
2198,5
2199,6
2200,5
2201,6
2202,5
2203,5
2204,5
2205,5
2206,6
2207,7
2208,5
2209,6
2210,7
2211,6
2212,6
2213,6
2214,5
2215,6
2216,5
2217,6
2218,6
2219,7
2220,6
2221,6
2222,7
2223,6
2224,7
2225,4
2226,5
2227,5
2228,7
2229,6
2230,7
2231,6
2232,6
2233,5
2234,5
2235,6
2236,5
2237,4
2238,6
2239,6
2240,5
2241,5
2242,5
2243,5
2244,5
2245,7
2246,4
2247,6
2248,6
2249,5
2250,6
2251,7
2252,5
2253,5
2254,6
2255,6
2256,5
2257,6
2258,5
2259,6
2260,5
2261,6
2262,6
2263,5
2264,6
2265,5
2266,5
2267,6
2268,6
2269,6
2270,7
2271,6
2272,6
2273,5
2274,7
2275,4
2276,6
2277,6
2278,6
2279,5
2280,6
2281,6
2282,5
2283,5
2284,5
2285,5
2286,5
2287,5
2288,5
2289,7
2290,7
2291,6
2292,6
2293,7
2294,7
2295,6
2296,7
2297,6
2298,8
2299,7
2300,7
2301,5
2302,5
2303,5
2304,6
2305,7
2306,5
2307,5
2308,5
2309,6
2310,5
2311,7
2312,5
2313,7
2314,6
2315,6
2316,7
2317,5
2318,4
2319,7
2320,6
2321,5
2322,6
2323,6
2324,5
2325,6
2326,5
2327,6
2328,5
2329,5
2330,6
2331,5
2332,6
2333,8
2334,5
2335,5
2336,5
2337,4
2338,5
2339,6
2340,6
2341,5
2342,8
2343,5
2344,6
2345,6
2346,4
2347,6
2348,6
2349,5
2350,5
2351,6
2352,6
2353,7
2354,6
2355,7
2356,6
2357,5
2358,5
2359,5
2360,6
2361,5
2362,6
2363,5
2364,5
2365,5
2366,5
2367,6
2368,6
2369,6
2370,7
2371,5
2372,4
2373,3
2374,6
2375,6
2376,6
2377,6
2378,5
2379,4
2380,4
2381,6
2382,8
2383,6
2384,8
2385,5
2386,4
2387,4
2388,4
2389,8
2390,8
2391,6
2392,7
2393,6
2394,5
2395,5
2396,5
2397,6
2398,6
2399,6
2400,4
2401,4
2402,6
2403,6
2404,5
2405,5
2406,6
2407,6
2408,5
2409,4
2410,6
2411,6
2412,4
2413,4
2414,4
2415,5
2416,6
2417,5
2418,5
2419,5
2420,7
2421,5
2422,5
2423,6
2424,5
2425,6
2426,6
2427,6
2428,6
2429,6
2430,5
2431,5
2432,5
2433,6
2434,6
2435,4
2436,5
2437,6
2438,5
2439,6
2440,5
2441,6
2442,5
2443,5
2444,5
2445,5
2446,5
2447,6
2448,6
2449,6
2450,5
2451,5
2452,7
2453,6
2454,5
2455,6
2456,6
2457,6
2458,6
2459,5
2460,5
2461,5
2462,5
2463,7
2464,5
2465,5
2466,5
2467,6
2468,6
2469,5
2470,5
2471,7
2472,6
2473,6
2474,7
2475,5
2476,6
2477,7
2478,6
2479,6
2480,5
2481,6
2482,6
2483,6
2484,5
2485,6
2486,5
2487,6
2488,6
2489,6
2490,6
2491,5
2492,6
2493,4
2494,4
2495,5
2496,5
2497,5
2498,5
2499,6
2500,5
2501,5
2502,4
2503,4
2504,6
2505,6
2506,6
2507,7
2508,6
2509,5
2510,6
2511,6
2512,6
2513,5
2514,7
2515,7
2516,6
2517,6
2518,7
2519,5
2520,5
2521,7
2522,8
2523,5
2524,5
2525,8
2526,7
2527,6
2528,6
2529,5
2530,6
2531,4
2532,4
2533,5
2534,7
2535,6
2536,6
2537,6
2538,6
2539,5
2540,5
2541,6
2542,5
2543,6
2544,6
2545,6
2546,5
2547,5
2548,6
2549,5
2550,5
2551,6
2552,5
2553,7
2554,7
2555,7
2556,5
2557,7
2558,7
2559,5
2560,6
2561,5
2562,6
2563,5
2564,6
2565,5
2566,7
2567,5
2568,6
2569,6
2570,5
2571,6
2572,5
2573,5
2574,5
2575,6
2576,5
2577,5
2578,7
2579,6
2580,5
2581,7
2582,7
2583,7
2584,7
2585,7
2586,7
2587,6
2588,7
2589,4
2590,6
2591,7
2592,5
2593,5
2594,7
2595,5
2596,5
2597,6
2598,5
2599,6
2600,7
2601,5
2602,6
2603,7
2604,7
2605,6
2606,6
2607,6
2608,6
2609,6
2610,5
2611,5
2612,7
2613,5
2614,5
2615,7
2616,7
2617,7
2618,7
2619,6
2620,5
2621,5
2622,7
2623,7
2624,5
2625,5
2626,7
2627,7
2628,6
2629,5
2630,6
2631,7
2632,5
2633,5
2634,5
2635,6
2636,5
2637,5
2638,6
2639,6
2640,6
2641,5
2642,5
2643,5
2644,6
2645,7
2646,7
2647,5
2648,6
2649,6
2650,5
2651,5
2652,7
2653,5
2654,5
2655,5
2656,4
2657,7
2658,7
2659,6
2660,6
2661,6
2662,6
2663,8
2664,7
2665,5
2666,7
2667,7
2668,6
2669,5
2670,7
2671,7
2672,7
2673,6
2674,7
2675,7
2676,6
2677,6
2678,5
2679,6
2680,6
2681,6
2682,6
2683,5
2684,6
2685,7
2686,6
2687,5
2688,6
2689,6
2690,6
2691,6
2692,6
2693,6
2694,6
2695,6
2696,6
2697,5
2698,6
2699,6
2700,7
2701,5
2702,5
2703,5
2704,6
2705,6
2706,6
2707,5
2708,6
2709,5
2710,5
2711,5
2712,5
2713,6
2714,6
2715,6
2716,5
2717,6
2718,6
2719,6
2720,7
2721,5
2722,7
2723,6
2724,6
2725,5
2726,6
2727,6
2728,6
2729,7
2730,5
2731,5
2732,5
2733,7
2734,6
2735,6
2736,6
2737,7
2738,5
2739,7
2740,6
2741,5
2742,6
2743,6
2744,6
2745,7
2746,6
2747,6
2748,8
2749,6
2750,8
2751,6
2752,6
2753,8
2754,5
2755,5
2756,6
2757,5
2758,6
2759,6
2760,6
2761,5
2762,5
2763,6
2764,6
2765,6
2766,6
2767,6
2768,6
2769,5
2770,7
2771,6
2772,7
2773,7
2774,8
2775,8
2776,8
2777,6
2778,7
2779,5
2780,5
2781,6
2782,6
2783,6
2784,6
2785,5
2786,6
2787,5
2788,5
2789,5
2790,6
2791,5
2792,5
2793,7
2794,5
2795,8
2796,7
2797,5
2798,7
2799,7
2800,5
2801,5
2802,6
2803,8
2804,8
2805,6
2806,5
2807,5
2808,6
2809,7
2810,7
2811,5
2812,6
2813,7
2814,7
2815,5
2816,5
2817,7
2818,4
2819,6
2820,5
2821,5
2822,5
2823,6
2824,6
2825,6
2826,6
2827,7
2828,7
2829,5
2830,5
2831,5
2832,6
2833,7
2834,6
2835,6
2836,6
2837,6
2838,7
2839,7
2840,6
2841,6
2842,6
2843,6
2844,5
2845,7
2846,7
2847,5
2848,5
2849,5
2850,5
2851,5
2852,5
2853,6
2854,6
2855,7
2856,7
2857,8
2858,7
2859,6
2860,6
2861,6
2862,6
2863,6
2864,6
2865,6
2866,7
2867,7
2868,5
2869,6
2870,7
2871,6
2872,7
2873,8
2874,7
2875,6
2876,5
2877,5
2878,6
2879,6
2880,5
2881,7
2882,5
2883,7
2884,7
2885,6
2886,5
2887,5
2888,4
2889,6
2890,8
2891,6
2892,5
2893,7
2894,7
2895,5
2896,5
2897,5
2898,5
2899,5
2900,6
2901,7
2902,5
2903,6
2904,7
2905,5
2906,5
2907,6
2908,6
2909,6
2910,5
2911,5
2912,7
2913,5
2914,6
2915,6
2916,6
2917,7
2918,6
2919,5
2920,4
2921,6
2922,8
2923,6
2924,6
2925,5
2926,8
2927,7
2928,7
2929,6
2930,8
2931,8
2932,6
2933,6
2934,5
2935,4
2936,5
2937,5
2938,8
2939,8
2940,6
2941,5
2942,5
2943,8
2944,6
2945,8
2946,6
2947,6
2948,6
2949,6
2950,5
2951,5
2952,5
2953,5
2954,7
2955,5
2956,6
2957,6
2958,5
2959,7
2960,7
2961,6
2962,5
2963,7
2964,5
2965,8
2966,6
2967,6
2968,5
2969,6
2970,5
2971,5
2972,6
2973,6
2974,6
2975,6
2976,6
2977,6
2978,6
2979,7
2980,7
2981,7
2982,6
2983,6
2984,6
2985,7
2986,7
2987,7
2988,7
2989,6
2990,7
2991,7
2992,7
2993,7
2994,7
2995,6
2996,8
2997,6
2998,7
2999,7
3000,7
3001,7
3002,7
3003,7
3004,6
3005,6
3006,6
3007,7
3008,7
3009,6
3010,5
3011,6
3012,6
3013,6
3014,6
3015,6
3016,6
3017,6
3018,8
3019,6
3020,6
3021,4
3022,5
3023,6
3024,6
3025,7
3026,6
3027,5
3028,6
3029,8
3030,8
3031,6
3032,5
3033,6
3034,6
3035,7
3036,5
3037,6
3038,6
3039,6
3040,5
3041,6
3042,6
3043,6
3044,6
3045,6
3046,6
3047,5
3048,6
3049,5
3050,4
3051,5
3052,7
3053,5
3054,6
3055,6
3056,5
3057,5
3058,5
3059,6
3060,5
3061,5
3062,8
3063,5
3064,5
3065,6
3066,5
3067,4
3068,6
3069,8
3070,8
3071,7
3072,6
3073,5
3074,5
3075,7
3076,5
3077,5
3078,5
3079,5
3080,6
3081,5
3082,6
3083,7
3084,6
3085,6
3086,7
3087,3
3088,6
3089,7
3090,6
3091,6
3092,6
3093,7
3094,6
3095,6
3096,7
3097,5
3098,7
3099,7
3100,7
3101,6
3102,6
3103,7
3104,5
3105,6
3106,6
3107,6
3108,5
3109,4
3110,6
3111,7
3112,5
3113,6
3114,6
3115,6
3116,7
3117,7
3118,7
3119,5
3120,6
3121,5
3122,6
3123,5
3124,6
3125,5
3126,7
3127,5
3128,6
3129,6
3130,6
3131,5
3132,6
3133,6
3134,6
3135,6
3136,5
3137,6
3138,6
3139,6
3140,6
3141,7
3142,6
3143,5
3144,6
3145,6
3146,6
3147,6
3148,6
3149,6
3150,6
3151,6
3152,6
3153,6
3154,6
3155,7
3156,5
3157,7
3158,7
3159,6
3160,6
3161,5
3162,7
3163,7
3164,6
3165,6
3166,6
3167,7
3168,6
3169,6
3170,6
3171,6
3172,8
3173,8
3174,8
3175,6
3176,6
3177,5
3178,6
3179,4
3180,6
3181,6
3182,5
3183,6
3184,7
3185,6
3186,4
3187,7
3188,8
3189,5
3190,7
3191,6
3192,6
3193,5
3194,5
3195,6
3196,7
3197,6
3198,7
3199,7
3200,7
3201,6
3202,7
3203,7
3204,5
3205,7
3206,7
3207,6
3208,5
3209,5
3210,5
3211,6
3212,5
3213,6
3214,6
3215,6
3216,5
3217,5
3218,4
3219,7
3220,5
3221,6
3222,6
3223,6
3224,6
3225,7
3226,6
3227,6
3228,6
3229,7
3230,6
3231,6
3232,5
3233,6
3234,6
3235,6
3236,6
3237,7
3238,5
3239,7
3240,6
3241,7
3242,6
3243,7
3244,7
3245,5
3246,6
3247,6
3248,7
3249,7
3250,6
3251,6
3252,8
3253,8
3254,5
3255,6
3256,6
3257,6
3258,6
3259,6
3260,6
3261,5
3262,7
3263,8
3264,6
3265,3
3266,6
3267,6
3268,6
3269,5
3270,5
3271,7
3272,7
3273,7
3274,5
3275,4
3276,8
3277,7
3278,5
3279,6
3280,5
3281,6
3282,7
3283,6
3284,6
3285,7
3286,7
3287,7
3288,6
3289,5
3290,5
3291,8
3292,5
3293,7
3294,6
3295,5
3296,5
3297,5
3298,6
3299,7
3300,5
3301,8
3302,6
3303,7
3304,7
3305,7
3306,7
3307,3
3308,6
3309,7
3310,7
3311,7
3312,7
3313,7
3314,6
3315,7
3316,6
3317,6
3318,7
3319,5
3320,5
3321,6
3322,7
3323,6
3324,6
3325,7
3326,5
3327,7
3328,5
3329,6
3330,6
3331,6
3332,7
3333,6
3334,6
3335,6
3336,6
3337,6
3338,6
3339,6
3340,6
3341,6
3342,5
3343,7
3344,6
3345,6
3346,6
3347,6
3348,6
3349,6
3350,6
3351,6
3352,6
3353,6
3354,7
3355,6
3356,6
3357,7
3358,6
3359,6
3360,7
3361,6
3362,6
3363,6
3364,6
3365,7
3366,6
3367,6
3368,6
3369,7
3370,6
3371,6
3372,6
3373,7
3374,5
3375,6
3376,6
3377,6
3378,8
3379,5
3380,7
3381,7
3382,7
3383,6
3384,6
3385,6
3386,8
3387,5
3388,6
3389,7
3390,6
3391,8
3392,6
3393,6
3394,5
3395,5
3396,6
3397,6
3398,5
3399,6
3400,6
3401,5
3402,6
3403,5
3404,6
3405,6
3406,6
3407,5
3408,6
3409,3
3410,7
3411,6
3412,6
3413,6
3414,7
3415,7
3416,6
3417,4
3418,6
3419,7
3420,5
3421,8
3422,8
3423,5
3424,6
3425,6
3426,6
3427,6
3428,6
3429,5
3430,6
3431,6
3432,5
3433,7
3434,6
3435,6
3436,6
3437,5
3438,5
3439,5
3440,5
3441,5
3442,7
3443,6
3444,5
3445,8
3446,6
3447,6
3448,7
3449,8
3450,7
3451,7
3452,5
3453,6
3454,5
3455,6
3456,5
3457,7
3458,7
3459,6
3460,6
3461,8
3462,6
3463,7
3464,5
3465,6
3466,6
3467,5
3468,8
3469,6
3470,8
3471,6
3472,6
3473,8
3474,6
3475,6
3476,8
3477,7
3478,6
3479,7
3480,8
3481,5
3482,8
3483,7
3484,8
3485,7
3486,6
3487,6
3488,6
3489,8
3490,7
3491,6
3492,7
3493,7
3494,6
3495,7
3496,7
3497,6
3498,6
3499,7
3500,7
3501,6
3502,5
3503,7
3504,7
3505,7
3506,6
3507,7
3508,5
3509,6
3510,6
3511,7
3512,6
3513,6
3514,6
3515,7
3516,7
3517,7
3518,5
3519,7
3520,5
3521,7
3522,5
3523,5
3524,6
3525,6
3526,6
3527,6
3528,4
3529,7
3530,5
3531,5
3532,6
3533,6
3534,5
3535,5
3536,6
3537,5
3538,7
3539,6
3540,6
3541,6
3542,6
3543,6
3544,6
3545,6
3546,6
3547,6
3548,6
3549,6
3550,6
3551,6
3552,6
3553,6
3554,6
3555,6
3556,7
3557,6
3558,6
3559,4
3560,6
3561,5
3562,6
3563,5
3564,6
3565,6
3566,6
3567,6
3568,7
3569,6
3570,6
3571,4
3572,6
3573,6
3574,6
3575,7
3576,5
3577,7
3578,4
3579,7
3580,5
3581,7
3582,6
3583,6
3584,7
3585,7
3586,7
3587,6
3588,6
3589,6
3590,7
3591,5
3592,7
3593,7
3594,7
3595,7
3596,7
3597,6
3598,7
3599,6
3600,6
3601,7
3602,6
3603,7
3604,6
3605,5
3606,5
3607,6
3608,6
3609,6
3610,5
3611,6
3612,6
3613,6
3614,5
3615,6
3616,5
3617,5
3618,7
3619,6
3620,7
3621,7
3622,6
3623,6
3624,7
3625,5
3626,5
3627,5
3628,6
3629,6
3630,6
3631,6
3632,6
3633,6
3634,7
3635,6
3636,7
3637,7
3638,7
3639,6
3640,6
3641,6
3642,6
3643,6
3644,7
3645,6
3646,7
3647,7
3648,5
3649,6
3650,4
3651,6
3652,6
3653,6
3654,6
3655,7
3656,7
3657,8
3658,7
3659,8
3660,8
3661,6
3662,4
3663,6
3664,8
3665,8
3666,7
3667,8
3668,5
3669,7
3670,6
3671,7
3672,8
3673,7
3674,5
3675,6
3676,7
3677,6
3678,5
3679,7
3680,6
3681,8
3682,7
3683,6
3684,7
3685,6
3686,5
3687,5
3688,6
3689,8
3690,7
3691,6
3692,7
3693,7
3694,5
3695,6
3696,7
3697,6
3698,6
3699,5
3700,5
3701,5
3702,6
3703,6
3704,6
3705,6
3706,6
3707,6
3708,5
3709,5
3710,5
3711,6
3712,5
3713,5
3714,4
3715,6
3716,5
3717,6
3718,5
3719,5
3720,7
3721,5
3722,5
3723,7
3724,6
3725,6
3726,7
3727,7
3728,7
3729,5
3730,6
3731,6
3732,5
3733,6
3734,5
3735,6
3736,4
3737,5
3738,6
3739,7
3740,7
3741,7
3742,7
3743,7
3744,7
3745,7
3746,5
3747,6
3748,5
3749,6
3750,7
3751,5
3752,5
3753,5
3754,8
3755,6
3756,5
3757,5
3758,5
3759,6
3760,6
3761,7
3762,5
3763,5
3764,8
3765,5
3766,5
3767,5
3768,6
3769,5
3770,4
3771,6
3772,6
3773,5
3774,5
3775,6
3776,5
3777,6
3778,7
3779,7
3780,5
3781,6
3782,6
3783,5
3784,6
3785,7
3786,5
3787,5
3788,5
3789,6
3790,5
3791,5
3792,6
3793,6
3794,5
3795,6
3796,6
3797,5
3798,5
3799,5
3800,5
3801,6
3802,5
3803,6
3804,5
3805,6
3806,5
3807,5
3808,6
3809,6
3810,3
3811,5
3812,5
3813,5
3814,5
3815,7
3816,5
3817,6
3818,6
3819,6
3820,5
3821,6
3822,6
3823,5
3824,7
3825,6
3826,6
3827,5
3828,6
3829,7
3830,7
3831,5
3832,5
3833,6
3834,5
3835,5
3836,6
3837,6
3838,5
3839,5
3840,6
3841,6
3842,6
3843,7
3844,6
3845,5
3846,6
3847,5
3848,6
3849,5
3850,6
3851,7
3852,6
3853,7
3854,6
3855,6
3856,6
3857,6
3858,6
3859,5
3860,5
3861,6
3862,6
3863,6
3864,7
3865,6
3866,6
3867,5
3868,6
3869,6
3870,6
3871,6
3872,4
3873,5
3874,5
3875,7
3876,5
3877,5
3878,5
3879,4
3880,6
3881,6
3882,5
3883,6
3884,6
3885,6
3886,6
3887,6
3888,6
3889,6
3890,6
3891,5
3892,5
3893,5
3894,6
3895,6
3896,6
3897,6
3898,7
3899,5
3900,5
3901,4
3902,6
3903,6
3904,7
3905,7
3906,7
3907,7
3908,7
3909,7
3910,6
3911,6
3912,7
3913,6
3914,7
3915,7
3916,6
3917,5
3918,7
3919,6
3920,6
3921,5
3922,7
3923,5
3924,5
3925,5
3926,6
3927,5
3928,5
3929,5
3930,6
3931,6
3932,8
3933,4
3934,6
3935,5
3936,6
3937,5
3938,6
3939,6
3940,5
3941,5
3942,6
3943,6
3944,6
3945,6
3946,6
3947,7
3948,5
3949,5
3950,5
3951,5
3952,6
3953,7
3954,5
3955,6
3956,5
3957,5
3958,6
3959,6
3960,6
3961,5
3962,7
3963,7
3964,5
3965,4
3966,6
3967,4
3968,6
3969,6
3970,7
3971,6
3972,6
3973,4
3974,6
3975,7
3976,7
3977,6
3978,7
3979,6
3980,5
3981,7
3982,7
3983,6
3984,7
3985,6
3986,6
3987,6
3988,6
3989,6
3990,6
3991,5
3992,7
3993,7
3994,7
3995,5
3996,7
3997,7
3998,6
3999,6
4000,6
4001,5
4002,6
4003,6
4004,7
4005,6
4006,6
4007,5
4008,6
4009,6
4010,6
4011,7
4012,6
4013,6
4014,6
4015,5
4016,5
4017,6
4018,6
4019,5
4020,4
4021,5
4022,5
4023,6
4024,6
4025,6
4026,6
4027,5
4028,6
4029,6
4030,5
4031,5
4032,5
4033,6
4034,5
4035,6
4036,5
4037,5
4038,5
4039,4
4040,5
4041,5
4042,7
4043,7
4044,7
4045,7
4046,7
4047,6
4048,6
4049,6
4050,7
4051,6
4052,5
4053,7
4054,7
4055,6
4056,5
4057,6
4058,6
4059,6
4060,5
4061,5
4062,6
4063,5
4064,5
4065,8
4066,6
4067,5
4068,6
4069,6
4070,5
4071,6
4072,7
4073,5
4074,4
4075,6
4076,5
4077,6
4078,6
4079,6
4080,6
4081,6
4082,6
4083,5
4084,8
4085,6
4086,6
4087,6
4088,6
4089,6
4090,6
4091,6
4092,6
4093,6
4094,7
4095,6
4096,5
4097,6
4098,5
4099,6
4100,6
4101,5
4102,5
4103,7
4104,7
4105,7
4106,5
4107,6
4108,6
4109,6
4110,5
4111,6
4112,6
4113,6
4114,6
4115,6
4116,6
4117,6
4118,8
4119,7
4120,5
4121,6
4122,6
4123,6
4124,7
4125,5
4126,5
4127,5
4128,5
4129,7
4130,6
4131,5
4132,5
4133,6
4134,6
4135,5
4136,6
4137,5
4138,6
4139,7
4140,6
4141,6
4142,6
4143,6
4144,6
4145,6
4146,7
4147,7
4148,6
4149,7
4150,5
4151,6
4152,6
4153,5
4154,5
4155,5
4156,5
4157,7
4158,7
4159,7
4160,7
4161,7
4162,7
4163,5
4164,5
4165,7
4166,7
4167,8
4168,6
4169,7
4170,7
4171,5
4172,6
4173,5
4174,6
4175,7
4176,6
4177,6
4178,7
4179,5
4180,6
4181,6
4182,6
4183,7
4184,7
4185,5
4186,5
4187,6
4188,6
4189,5
4190,6
4191,5
4192,6
4193,6
4194,6
4195,8
4196,6
4197,5
4198,5
4199,6
4200,6
4201,6
4202,6
4203,5
4204,6
4205,6
4206,6
4207,7
4208,6
4209,6
4210,6
4211,6
4212,4
4213,4
4214,5
4215,5
4216,5
4217,4
4218,6
4219,5
4220,6
4221,6
4222,4
4223,4
4224,7
4225,5
4226,7
4227,7
4228,6
4229,6
4230,6
4231,6
4232,6
4233,6
4234,6
4235,5
4236,5
4237,5
4238,5
4239,7
4240,6
4241,6
4242,7
4243,6
4244,5
4245,5
4246,6
4247,6
4248,6
4249,6
4250,6
4251,6
4252,6
4253,4
4254,5
4255,5
4256,5
4257,5
4258,6
4259,6
4260,6
4261,7
4262,6
4263,6
4264,6
4265,6
4266,7
4267,7
4268,6
4269,5
4270,6
4271,5
4272,6
4273,6
4274,6
4275,6
4276,7
4277,5
4278,4
4279,6
4280,6
4281,5
4282,5
4283,6
4284,6
4285,6
4286,6
4287,5
4288,6
4289,6
4290,5
4291,5
4292,6
4293,5
4294,5
4295,5
4296,6
4297,6
4298,6
4299,6
4300,5
4301,5
4302,6
4303,6
4304,6
4305,6
4306,6
4307,7
4308,6
4309,6
4310,6
4311,5
4312,6
4313,6
4314,7
4315,7
4316,5
4317,7
4318,7
4319,7
4320,5
4321,6
4322,7
4323,6
4324,6
4325,5
4326,5
4327,5
4328,5
4329,5
4330,5
4331,5
4332,8
4333,8
4334,8
4335,8
4336,8
4337,8
4338,8
4339,8
4340,8
4341,6
4342,6
4343,6
4344,6
4345,6
4346,6
4347,7
4348,6
4349,5
4350,6
4351,6
4352,5
4353,6
4354,6
4355,6
4356,5
4357,6
4358,5
4359,6
4360,5
4361,6
4362,6
4363,5
4364,6
4365,5
4366,6
4367,5
4368,6
4369,6
4370,5
4371,5
4372,6
4373,6
4374,5
4375,6
4376,5
4377,6
4378,5
4379,5
4380,6
4381,6
4382,6
4383,6
4384,5
4385,5
4386,6
4387,6
4388,6
4389,4
4390,5
4391,5
4392,5
4393,6
4394,6
4395,5
4396,5
4397,5
4398,5
4399,5
4400,5
4401,6
4402,6
4403,5
4404,5
4405,5
4406,7
4407,6
4408,5
4409,7
4410,5
4411,7
4412,7
4413,7
4414,7
4415,5
4416,5
4417,6
4418,6
4419,6
4420,6
4421,6
4422,6
4423,6
4424,6
4425,6
4426,6
4427,5
4428,6
4429,6
4430,5
4431,6
4432,6
4433,5
4434,6
4435,6
4436,6
4437,6
4438,5
4439,5
4440,5
4441,6
4442,5
4443,5
4444,6
4445,6
4446,6
4447,6
4448,5
4449,6
4450,6
4451,5
4452,5
4453,6
4454,6
4455,5
4456,5
4457,5
4458,7
4459,5
4460,6
4461,6
4462,6
4463,6
4464,5
4465,5
4466,5
4467,5
4468,6
4469,6
4470,6
4471,6
4472,5
4473,5
4474,6
4475,6
4476,6
4477,5
4478,5
4479,5
4480,5
4481,5
4482,6
4483,4
4484,5
4485,6
4486,6
4487,6
4488,6
4489,6
4490,6
4491,6
4492,6
4493,6
4494,6
4495,6
4496,6
4497,5
4498,5
4499,6
4500,6
4501,6
4502,6
4503,7
4504,5
4505,5
4506,6
4507,5
4508,4
4509,5
4510,6
4511,6
4512,6
4513,6
4514,5
4515,6
4516,6
4517,6
4518,6
4519,6
4520,5
4521,5
4522,6
4523,5
4524,6
4525,6
4526,6
4527,6
4528,6
4529,6
4530,6
4531,6
4532,6
4533,5
4534,6
4535,6
4536,6
4537,5
4538,6
4539,5
4540,6
4541,6
4542,5
4543,5
4544,6
4545,6
4546,6
4547,6
4548,5
4549,5
4550,6
4551,6
4552,6
4553,6
4554,6
4555,5
4556,5
4557,6
4558,6
4559,7
4560,6
4561,6
4562,7
4563,7
4564,7
4565,5
4566,5
4567,5
4568,6
4569,6
4570,6
4571,7
4572,7
4573,6
4574,7
4575,7
4576,5
4577,6
4578,7
4579,6
4580,6
4581,6
4582,6
4583,6
4584,6
4585,6
4586,6
4587,6
4588,5
4589,6
4590,6
4591,6
4592,6
4593,6
4594,6
4595,6
4596,6
4597,6
4598,6
4599,7
4600,6
4601,6
4602,6
4603,6
4604,6
4605,6
4606,5
4607,6
4608,7
4609,4
4610,6
4611,5
4612,5
4613,5
4614,5
4615,7
4616,5
4617,7
4618,7
4619,5
4620,6
4621,7
4622,7
4623,6
4624,6
4625,5
4626,6
4627,6
4628,6
4629,7
4630,7
4631,7
4632,6
4633,6
4634,6
4635,6
4636,5
4637,6
4638,5
4639,6
4640,6
4641,6
4642,7
4643,6
4644,6
4645,7
4646,7
4647,7
4648,5
4649,5
4650,5
4651,7
4652,5
4653,7
4654,7
4655,7
4656,7
4657,7
4658,6
4659,6
4660,6
4661,5
4662,6
4663,7
4664,7
4665,6
4666,5
4667,7
4668,7
4669,5
4670,6
4671,5
4672,5
4673,7
4674,7
4675,6
4676,6
4677,7
4678,6
4679,5
4680,4
4681,6
4682,6
4683,6
4684,6
4685,5
4686,4
4687,6
4688,6
4689,6
4690,6
4691,7
4692,5
4693,6
4694,7
4695,7
4696,6
4697,7
4698,6
4699,5
4700,5
4701,6
4702,6
4703,7
4704,6
4705,6
4706,7
4707,6
4708,6
4709,6
4710,7
4711,6
4712,6
4713,6
4714,7
4715,6
4716,6
4717,6
4718,6
4719,6
4720,5
4721,6
4722,6
4723,6
4724,6
4725,6
4726,6
4727,6
4728,6
4729,5
4730,5
4731,6
4732,6
4733,6
4734,6
4735,6
4736,6
4737,7
4738,6
4739,6
4740,5
4741,6
4742,6
4743,5
4744,5
4745,3
4746,6
4747,6
4748,5
4749,6
4750,5
4751,6
4752,7
4753,6
4754,6
4755,6
4756,7
4757,7
4758,6
4759,6
4760,6
4761,6
4762,7
4763,7
4764,6
4765,8
4766,8
4767,7
4768,6
4769,6
4770,6
4771,6
4772,5
4773,7
4774,4
4775,6
4776,6
4777,6
4778,6
4779,4
4780,5
4781,5
4782,6
4783,6
4784,5
4785,7
4786,8
4787,8
4788,5
4789,6
4790,6
4791,6
4792,6
4793,6
4794,5
4795,7
4796,7
4797,6
4798,5
4799,6
4800,7
4801,7
4802,8
4803,7
4804,4
4805,6
4806,6
4807,6
4808,5
4809,6
4810,5
4811,6
4812,7
4813,5
4814,6
4815,7
4816,6
4817,6
4818,6
4819,6
4820,5
4821,6
4822,6
4823,7
4824,5
4825,6
4826,6
4827,6
4828,5
4829,7
4830,6
4831,6
4832,5
4833,6
4834,7
4835,6
4836,5
4837,6
4838,6
4839,4
4840,7
4841,6
4842,6
4843,5
4844,6
4845,5
4846,6
4847,7
4848,6
4849,5
4850,6
4851,5
4852,5
4853,5
4854,6
4855,6
4856,6
4857,6
4858,5
4859,6
4860,6
4861,6
4862,6
4863,7
4864,5
4865,6
4866,6
4867,6
4868,6
4869,6
4870,7
4871,6
4872,5
4873,6
4874,6
4875,6
4876,7
4877,5
4878,4
4879,6
4880,6
4881,6
4882,5
4883,6
4884,5
4885,6
4886,7
4887,7
4888,5
4889,6
4890,6
4891,6
4892,5
4893,6
4894,5
4895,6
4896,7
4897,6
